Driver,DriverNumber,LapNumber,Position,LapTimeSeconds,LapTimeDelta,PositionChange
ALB,23,1,12.0,99.376,,
ALB,23,2,13.0,87.78,-11.596000000000004,1.0
ALB,23,3,13.0,87.512,-0.2680000000000007,0.0
ALB,23,4,14.0,87.911,0.3990000000000009,1.0
ALB,23,5,13.0,87.176,-0.7349999999999994,-1.0
ALB,23,6,13.0,86.436,-0.7399999999999949,0.0
ALB,23,7,13.0,85.688,-0.7480000000000047,0.0
ALB,23,8,13.0,85.558,-0.12999999999999545,0.0
ALB,23,9,13.0,85.728,0.1699999999999875,0.0
ALB,23,10,13.0,86.03,0.3020000000000067,0.0
ALB,23,11,10.0,93.98,7.950000000000003,-3.0
ALB,23,12,12.0,125.578,31.598,2.0
ALB,23,13,12.0,112.348,-13.230000000000004,0.0
ALB,23,14,12.0,85.379,-26.968999999999994,0.0
ALB,23,15,12.0,85.035,-0.3440000000000083,0.0
ALB,23,17,13.0,85.662,0.6270000000000095,1.0
ALB,23,18,13.0,104.028,18.366,0.0
ALB,23,19,13.0,109.476,5.447999999999993,0.0
ALB,23,20,13.0,85.041,-24.435000000000002,0.0
ALB,23,21,13.0,85.065,0.02400000000000091,0.0
ALB,23,22,13.0,85.297,0.23199999999999932,0.0
ALB,23,23,13.0,85.258,-0.03900000000000148,0.0
ALB,23,24,13.0,85.334,0.07600000000000762,0.0
ALB,23,25,13.0,85.569,0.23499999999999943,0.0
ALB,23,26,13.0,85.782,0.21299999999999386,0.0
ALB,23,27,13.0,85.734,-0.04800000000000182,0.0
ALB,23,28,13.0,86.642,0.9080000000000013,0.0
ALB,23,29,12.0,86.614,-0.027999999999991587,-1.0
ALB,23,30,12.0,86.472,-0.14200000000001012,0.0
ALB,23,31,12.0,86.523,0.05100000000000193,0.0
ALB,23,32,12.0,86.459,-0.06399999999999295,0.0
ALB,23,33,12.0,110.03,23.570999999999998,0.0
ALB,23,34,12.0,90.918,-19.111999999999995,0.0
ALB,23,35,12.0,84.446,-6.472000000000008,0.0
ALB,23,36,12.0,84.375,-0.07099999999999795,0.0
ALB,23,37,12.0,85.052,0.6770000000000067,0.0
ALB,23,38,12.0,86.338,1.2859999999999872,0.0
ALB,23,39,12.0,84.858,-1.4799999999999898,0.0
ALB,23,40,12.0,86.672,1.813999999999993,0.0
ALB,23,41,12.0,84.876,-1.7959999999999923,0.0
ALB,23,42,12.0,84.858,-0.018000000000000682,0.0
ALB,23,43,12.0,84.956,0.09799999999999898,0.0
ALB,23,44,12.0,84.841,-0.1150000000000091,0.0
ALB,23,45,12.0,84.702,-0.1389999999999958,0.0
ALB,23,46,12.0,84.777,0.07500000000000284,0.0
ALB,23,47,12.0,84.815,0.0379999999999967,0.0
ALB,23,48,12.0,84.773,-0.04200000000000159,0.0
ALB,23,49,12.0,84.785,0.012000000000000455,0.0
ALB,23,50,12.0,84.856,0.07099999999999795,0.0
ALB,23,51,12.0,84.749,-0.10699999999999932,0.0
ALB,23,52,12.0,84.764,0.015000000000000568,0.0
ALB,23,53,12.0,85.019,0.25500000000000966,0.0
ALB,23,54,12.0,84.861,-0.15800000000000125,0.0
ALB,23,55,12.0,84.995,0.13400000000000034,0.0
ALB,23,56,12.0,86.387,1.391999999999996,0.0
ALB,23,57,12.0,86.268,-0.11899999999999977,0.0
ALO,14,1,10.0,98.271,,
ALO,14,2,10.0,87.598,-10.673000000000002,0.0
ALO,14,3,12.0,88.035,0.4369999999999976,2.0
ALO,14,4,12.0,87.424,-0.61099999999999,0.0
ALO,14,5,14.0,88.835,1.4109999999999872,2.0
ALO,14,6,16.0,88.763,-0.07199999999998852,2.0
ALO,14,7,17.0,87.876,-0.8870000000000005,1.0
ALO,14,8,17.0,86.792,-1.0840000000000032,0.0
ALO,14,9,16.0,87.04,0.24800000000000466,-1.0
ALO,14,10,16.0,87.475,0.43499999999998806,0.0
ALO,14,11,17.0,119.99,32.515,1.0
ALO,14,12,16.0,122.34,2.3500000000000085,-1.0
ALO,14,14,19.0,98.828,-23.512,3.0
ALO,14,15,19.0,85.713,-13.115000000000009,0.0
ALO,14,16,18.0,86.131,0.41800000000000637,-1.0
ALO,14,17,18.0,86.376,0.24500000000000455,0.0
ALO,14,18,18.0,85.908,-0.4680000000000035,0.0
ALO,14,19,18.0,88.14,2.2319999999999993,0.0
ALO,14,20,18.0,86.641,-1.4989999999999952,0.0
ALO,14,21,18.0,88.082,1.4409999999999883,0.0
ANT,12,1,7.0,96.966,,
ANT,12,2,7.0,87.129,-9.836999999999989,0.0
ANT,12,3,6.0,85.463,-1.666000000000011,-1.0
ANT,12,4,6.0,85.411,-0.0519999999999925,0.0
ANT,12,5,5.0,84.499,-0.9120000000000061,-1.0
ANT,12,6,4.0,84.024,-0.4749999999999943,-1.0
ANT,12,7,4.0,83.835,-0.18900000000000716,0.0
ANT,12,8,4.0,83.683,-0.1519999999999868,0.0
ANT,12,9,4.0,83.908,0.22499999999999432,0.0
ANT,12,10,4.0,84.037,0.1290000000000049,0.0
ANT,12,11,4.0,83.89,-0.14700000000000557,0.0
ANT,12,12,5.0,129.682,45.79199999999999,1.0
ANT,12,13,5.0,117.691,-11.990999999999985,0.0
ANT,12,14,5.0,86.679,-31.012,0.0
ANT,12,15,5.0,83.287,-3.391999999999996,0.0
ANT,12,16,4.0,83.618,0.33099999999998886,-1.0
ANT,12,17,4.0,83.26,-0.3579999999999899,0.0
ANT,12,18,4.0,90.982,7.721999999999994,0.0
ANT,12,19,4.0,115.334,24.352000000000004,0.0
ANT,12,20,4.0,88.479,-26.855000000000004,0.0
ANT,12,21,4.0,82.781,-5.697999999999993,0.0
ANT,12,22,4.0,82.862,0.08099999999998886,0.0
ANT,12,23,4.0,82.582,-0.28000000000000114,0.0
ANT,12,24,4.0,83.222,0.6400000000000006,0.0
ANT,12,25,3.0,84.545,1.3230000000000075,-1.0
ANT,12,26,3.0,83.138,-1.4069999999999965,0.0
ANT,12,27,3.0,83.103,-0.0350000000000108,0.0
ANT,12,28,2.0,83.03,-0.07299999999999329,-1.0
ANT,12,29,2.0,82.968,-0.06199999999999761,0.0
ANT,12,30,2.0,82.889,-0.07900000000000773,0.0
ANT,12,31,2.0,82.88,-0.009000000000000341,0.0
ANT,12,32,2.0,83.239,0.35900000000000887,0.0
ANT,12,33,2.0,83.017,-0.2220000000000084,0.0
ANT,12,34,2.0,98.387,15.370000000000005,0.0
ANT,12,35,2.0,83.292,-15.094999999999999,0.0
ANT,12,36,2.0,82.865,-0.4270000000000067,0.0
ANT,12,37,2.0,82.966,0.10099999999999909,0.0
ANT,12,38,2.0,82.989,0.023000000000010346,0.0
ANT,12,39,2.0,82.921,-0.06799999999999784,0.0
ANT,12,40,2.0,82.672,-0.24900000000000944,0.0
ANT,12,41,2.0,82.928,0.2560000000000002,0.0
ANT,12,42,2.0,82.942,0.013999999999995794,0.0
ANT,12,43,2.0,83.015,0.0730000000000075,0.0
ANT,12,44,2.0,83.079,0.06399999999999295,0.0
ANT,12,45,2.0,83.123,0.04400000000001114,0.0
ANT,12,46,2.0,83.038,-0.08500000000000796,0.0
ANT,12,47,2.0,83.066,0.028000000000005798,0.0
ANT,12,48,2.0,82.992,-0.07399999999999807,0.0
ANT,12,49,2.0,83.245,0.2530000000000001,0.0
ANT,12,50,2.0,82.903,-0.34199999999999875,0.0
ANT,12,51,2.0,82.625,-0.2780000000000058,0.0
ANT,12,52,2.0,82.558,-0.06699999999999307,0.0
ANT,12,53,2.0,82.613,0.05499999999999261,0.0
ANT,12,54,2.0,82.842,0.2289999999999992,0.0
ANT,12,55,2.0,82.928,0.08599999999999852,0.0
ANT,12,56,2.0,82.603,-0.32500000000000284,0.0
ANT,12,57,2.0,82.417,-0.18599999999999284,0.0
ANT,12,58,2.0,82.653,0.2360000000000042,0.0
BEA,87,1,14.0,99.765,,
BEA,87,2,12.0,87.321,-12.444000000000003,-2.0
BEA,87,3,11.0,86.384,-0.9369999999999976,-1.0
BEA,87,4,11.0,85.92,-0.46399999999999864,0.0
BEA,87,5,11.0,86.003,0.08299999999999841,0.0
BEA,87,6,10.0,85.969,-0.034000000000006025,-1.0
BEA,87,7,10.0,85.195,-0.7740000000000009,0.0
BEA,87,8,11.0,86.046,0.8510000000000133,1.0
BEA,87,9,11.0,85.397,-0.6490000000000009,0.0
BEA,87,10,11.0,85.668,0.2710000000000008,0.0
BEA,87,11,7.0,91.403,5.734999999999999,-4.0
BEA,87,12,7.0,115.039,23.635999999999996,0.0
BEA,87,13,7.0,113.783,-1.2560000000000002,0.0
BEA,87,14,7.0,85.628,-28.155,0.0
BEA,87,15,7.0,84.562,-1.0660000000000025,0.0
BEA,87,16,7.0,84.563,0.0010000000000047748,0.0
BEA,87,17,7.0,84.807,0.24399999999999977,0.0
BEA,87,18,8.0,107.604,22.796999999999997,1.0
BEA,87,19,8.0,116.677,9.073000000000008,0.0
BEA,87,20,8.0,85.186,-31.491,0.0
BEA,87,21,8.0,84.203,-0.9830000000000041,0.0
BEA,87,22,8.0,84.02,-0.18300000000000693,0.0
BEA,87,23,8.0,84.968,0.9480000000000075,0.0
BEA,87,24,8.0,84.692,-0.27600000000001046,0.0
BEA,87,25,8.0,84.058,-0.6339999999999861,0.0
BEA,87,26,8.0,84.155,0.0969999999999942,0.0
BEA,87,27,8.0,84.284,0.1290000000000049,0.0
BEA,87,28,8.0,84.216,-0.06800000000001205,0.0
BEA,87,29,8.0,85.315,1.0990000000000038,0.0
BEA,87,30,8.0,84.509,-0.8059999999999974,0.0
BEA,87,31,8.0,84.627,0.117999999999995,0.0
BEA,87,32,8.0,85.006,0.3790000000000049,0.0
BEA,87,33,8.0,90.647,5.641000000000005,0.0
BEA,87,34,8.0,92.31,1.6629999999999967,0.0
BEA,87,35,7.0,84.914,-7.396000000000001,-1.0
BEA,87,36,7.0,84.598,-0.3160000000000025,0.0
BEA,87,37,7.0,84.5,-0.09799999999999898,0.0
BEA,87,38,8.0,85.093,0.5930000000000035,1.0
BEA,87,39,8.0,84.756,-0.3370000000000033,0.0
BEA,87,40,7.0,86.988,2.2319999999999993,-1.0
BEA,87,41,7.0,85.049,-1.938999999999993,0.0
BEA,87,42,7.0,84.503,-0.5460000000000065,0.0
BEA,87,43,7.0,84.549,0.04600000000000648,0.0
BEA,87,44,7.0,84.612,0.06299999999998818,0.0
BEA,87,45,7.0,84.13,-0.4819999999999993,0.0
BEA,87,46,7.0,84.55,0.4200000000000017,0.0
BEA,87,47,7.0,84.76,0.21000000000000796,0.0
BEA,87,48,7.0,84.404,-0.35600000000000875,0.0
BEA,87,49,7.0,84.281,-0.12299999999999045,0.0
BEA,87,50,7.0,84.467,0.18599999999999284,0.0
BEA,87,51,7.0,84.233,-0.23399999999999466,0.0
BEA,87,52,7.0,84.264,0.0309999999999917,0.0
BEA,87,53,7.0,84.615,0.3509999999999991,0.0
BEA,87,54,7.0,84.61,-0.0049999999999954525,0.0
BEA,87,55,7.0,84.5,-0.10999999999999943,0.0
BEA,87,56,7.0,86.439,1.938999999999993,0.0
BEA,87,57,7.0,86.649,0.21000000000000796,0.0
BOR,5,1,11.0,98.755,,
BOR,5,2,11.0,87.538,-11.216999999999999,0.0
BOR,5,3,10.0,86.324,-1.2139999999999986,-1.0
BOR,5,4,10.0,86.032,-0.2920000000000016,0.0
BOR,5,5,10.0,86.327,0.2950000000000017,0.0
BOR,5,7,12.0,85.785,-0.5420000000000016,2.0
BOR,5,8,12.0,85.47,-0.3149999999999977,0.0
BOR,5,9,12.0,85.224,-0.2459999999999951,0.0
BOR,5,10,12.0,85.561,0.3370000000000033,0.0
BOR,5,11,8.0,91.862,6.300999999999988,-4.0
BOR,5,12,8.0,114.364,22.50200000000001,0.0
BOR,5,13,8.0,114.445,0.08099999999998886,0.0
BOR,5,14,8.0,85.958,-28.486999999999995,0.0
BOR,5,15,8.0,84.819,-1.1389999999999958,0.0
BOR,5,16,8.0,84.98,0.16100000000000136,0.0
BOR,5,17,8.0,85.061,0.08100000000000307,0.0
BOR,5,18,9.0,110.359,25.297999999999988,1.0
BOR,5,19,11.0,115.679,5.320000000000007,2.0
BOR,5,20,9.0,85.201,-30.47800000000001,-2.0
BOR,5,21,9.0,85.044,-0.15699999999999648,0.0
BOR,5,22,9.0,84.428,-0.6159999999999997,0.0
BOR,5,23,9.0,84.335,-0.09300000000000352,0.0
BOR,5,24,9.0,84.327,-0.007999999999995566,0.0
BOR,5,25,9.0,84.37,0.043000000000006366,0.0
BOR,5,26,9.0,84.533,0.1629999999999967,0.0
BOR,5,27,9.0,84.535,0.001999999999995339,0.0
BOR,5,28,9.0,84.44,-0.09499999999999886,0.0
BOR,5,29,9.0,84.694,0.2540000000000049,0.0
BOR,5,30,9.0,84.364,-0.3299999999999983,0.0
BOR,5,31,9.0,84.153,-0.21099999999999852,0.0
BOR,5,32,9.0,83.978,-0.17500000000001137,0.0
BOR,5,33,11.0,104.235,20.257000000000005,2.0
BOR,5,34,11.0,93.286,-10.948999999999998,0.0
BOR,5,35,11.0,83.954,-9.332000000000008,0.0
BOR,5,36,11.0,83.655,-0.2989999999999924,0.0
BOR,5,37,11.0,83.732,0.07699999999999818,0.0
BOR,5,38,11.0,85.119,1.3870000000000005,0.0
BOR,5,39,10.0,84.83,-0.2890000000000015,-1.0
BOR,5,40,9.0,84.696,-0.13400000000000034,-1.0
BOR,5,41,9.0,84.47,-0.2259999999999991,0.0
BOR,5,42,9.0,83.803,-0.6670000000000016,0.0
BOR,5,43,9.0,83.643,-0.1599999999999966,0.0
BOR,5,44,9.0,83.736,0.09300000000000352,0.0
BOR,5,45,9.0,83.257,-0.4789999999999992,0.0
BOR,5,46,9.0,83.346,0.08899999999999864,0.0
BOR,5,47,9.0,83.976,0.6299999999999955,0.0
BOR,5,48,9.0,85.008,1.0319999999999965,0.0
BOR,5,49,9.0,84.889,-0.11899999999999977,0.0
BOR,5,50,9.0,84.324,-0.5649999999999977,0.0
BOR,5,51,9.0,85.635,1.311000000000007,0.0
BOR,5,52,9.0,84.359,-1.2760000000000105,0.0
BOR,5,53,9.0,86.063,1.7040000000000077,0.0
BOR,5,54,9.0,84.548,-1.5150000000000006,0.0
BOR,5,55,9.0,85.268,0.7199999999999989,0.0
BOR,5,56,9.0,84.515,-0.7530000000000001,0.0
BOR,5,57,9.0,84.821,0.3059999999999974,0.0
BOT,77,1,15.0,100.85,,
BOT,77,2,18.0,90.152,-10.697999999999993,3.0
BOT,77,3,19.0,89.219,-0.9330000000000069,1.0
BOT,77,4,19.0,88.057,-1.161999999999992,0.0
BOT,77,5,19.0,87.738,-0.3190000000000026,0.0
BOT,77,6,19.0,87.804,0.0660000000000025,0.0
BOT,77,7,19.0,87.457,-0.3470000000000084,0.0
BOT,77,8,19.0,87.364,-0.09299999999998931,0.0
BOT,77,9,18.0,87.679,0.3149999999999977,-1.0
BOT,77,10,18.0,87.661,-0.018000000000000682,0.0
BOT,77,11,15.0,99.058,11.397000000000006,-3.0
BOT,77,13,18.0,104.111,5.052999999999997,3.0
BOT,77,14,18.0,91.389,-12.722000000000008,0.0
BOT,77,15,18.0,91.33,-0.0589999999999975,0.0
COL,43,1,17.0,101.613,,
COL,43,2,16.0,88.166,-13.447000000000003,-1.0
COL,43,3,16.0,86.935,-1.2309999999999945,0.0
COL,43,4,16.0,86.812,-0.12300000000000466,0.0
COL,43,5,16.0,87.512,0.7000000000000028,0.0
COL,43,6,15.0,87.513,0.0010000000000047748,-1.0
COL,43,7,15.0,86.068,-1.4450000000000074,0.0
COL,43,8,15.0,85.818,-0.25,0.0
COL,43,9,20.0,109.931,24.113,5.0
COL,43,10,20.0,92.762,-17.168999999999997,0.0
COL,43,11,18.0,105.807,13.045000000000002,-2.0
COL,43,12,17.0,123.67,17.863,-1.0
COL,43,13,16.0,93.872,-29.798000000000002,-1.0
COL,43,14,16.0,86.663,-7.209000000000003,0.0
COL,43,15,16.0,85.6,-1.0630000000000024,0.0
COL,43,16,16.0,85.911,0.31100000000000705,0.0
COL,43,17,16.0,85.708,-0.20300000000000296,0.0
COL,43,18,15.0,112.961,27.253,-1.0
COL,43,19,15.0,101.676,-11.284999999999997,0.0
COL,43,20,15.0,85.331,-16.345,0.0
COL,43,21,15.0,84.932,-0.3990000000000009,0.0
COL,43,22,15.0,85.011,0.07899999999999352,0.0
COL,43,23,15.0,85.136,0.125,0.0
COL,43,24,15.0,85.449,0.3130000000000024,0.0
COL,43,25,15.0,85.225,-0.22400000000000375,0.0
COL,43,26,15.0,85.174,-0.05099999999998772,0.0
COL,43,27,15.0,85.626,0.4519999999999982,0.0
COL,43,28,15.0,86.172,0.5459999999999923,0.0
COL,43,29,15.0,86.483,0.31100000000000705,0.0
COL,43,30,15.0,85.566,-0.9170000000000016,0.0
COL,43,31,15.0,87.26,1.6940000000000026,0.0
COL,43,32,15.0,85.707,-1.5530000000000115,0.0
COL,43,33,15.0,100.541,14.834000000000003,0.0
COL,43,34,13.0,86.067,-14.474000000000004,-2.0
COL,43,35,13.0,85.633,-0.4339999999999975,0.0
COL,43,36,13.0,87.434,1.801000000000002,0.0
COL,43,37,14.0,87.047,-0.38700000000000045,1.0
COL,43,38,14.0,87.012,-0.03499999999999659,0.0
COL,43,39,14.0,86.964,-0.04800000000000182,0.0
COL,43,40,14.0,86.665,-0.2989999999999924,0.0
COL,43,41,14.0,86.469,-0.19600000000001216,0.0
COL,43,42,14.0,85.275,-1.1939999999999884,0.0
COL,43,43,14.0,85.381,0.10599999999999454,0.0
COL,43,44,14.0,85.24,-0.14100000000000534,0.0
COL,43,45,14.0,84.939,-0.30100000000000193,0.0
COL,43,46,14.0,102.911,17.97200000000001,0.0
COL,43,47,14.0,90.309,-12.602000000000004,0.0
COL,43,48,14.0,82.926,-7.382999999999996,0.0
COL,43,49,14.0,83.259,0.3329999999999984,0.0
COL,43,50,14.0,83.721,0.4620000000000033,0.0
COL,43,51,14.0,85.633,1.911999999999992,0.0
COL,43,52,14.0,85.151,-0.4819999999999993,0.0
COL,43,53,14.0,87.12,1.9690000000000083,0.0
COL,43,54,14.0,83.988,-3.132000000000005,0.0
COL,43,55,14.0,83.912,-0.0759999999999934,0.0
COL,43,56,14.0,83.621,-0.291000000000011,0.0
GAS,10,1,9.0,97.98,,
GAS,10,2,9.0,87.281,-10.698999999999998,0.0
GAS,10,3,9.0,86.371,-0.9100000000000108,0.0
GAS,10,4,9.0,85.894,-0.47699999999998965,0.0
GAS,10,6,9.0,85.989,0.09499999999999886,0.0
GAS,10,7,9.0,85.079,-0.9100000000000108,0.0
GAS,10,8,9.0,84.964,-0.11499999999999488,0.0
GAS,10,9,9.0,85.441,0.47700000000000387,0.0
GAS,10,10,10.0,86.669,1.2279999999999944,1.0
GAS,10,11,12.0,104.821,18.152,2.0
GAS,10,12,11.0,118.072,13.251000000000005,-1.0
GAS,10,13,11.0,111.634,-6.438000000000002,0.0
GAS,10,14,11.0,85.748,-25.885999999999996,0.0
GAS,10,15,11.0,84.823,-0.9250000000000114,0.0
GAS,10,16,11.0,84.69,-0.13299999999999557,0.0
GAS,10,17,11.0,85.203,0.5130000000000052,0.0
GAS,10,18,11.0,101.225,16.02199999999999,0.0
GAS,10,19,10.0,112.95,11.725000000000009,-1.0
GAS,10,20,11.0,86.578,-26.372,1.0
GAS,10,21,10.0,85.678,-0.9000000000000057,-1.0
GAS,10,22,10.0,84.586,-1.0919999999999987,0.0
GAS,10,23,10.0,84.499,-0.0870000000000033,0.0
GAS,10,24,10.0,84.852,0.35300000000000864,0.0
GAS,10,25,10.0,84.54,-0.3119999999999976,0.0
GAS,10,26,10.0,84.771,0.23099999999999454,0.0
GAS,10,27,10.0,84.661,-0.10999999999999943,0.0
GAS,10,28,10.0,84.795,0.13400000000000034,0.0
GAS,10,29,10.0,85.096,0.30100000000000193,0.0
GAS,10,30,10.0,85.242,0.1460000000000008,0.0
GAS,10,31,10.0,85.271,0.028999999999996362,0.0
GAS,10,32,10.0,85.202,-0.06900000000000261,0.0
GAS,10,33,9.0,92.276,7.073999999999998,-1.0
GAS,10,34,9.0,91.244,-1.0319999999999965,0.0
GAS,10,35,9.0,85.029,-6.215000000000003,0.0
GAS,10,36,9.0,85.177,0.14800000000001035,0.0
GAS,10,37,10.0,86.333,1.1559999999999917,1.0
GAS,10,38,9.0,86.094,-0.23900000000000432,-1.0
GAS,10,39,9.0,85.265,-0.8289999999999935,0.0
GAS,10,40,10.0,86.132,0.8670000000000044,1.0
GAS,10,41,10.0,85.319,-0.8130000000000024,0.0
GAS,10,42,10.0,84.879,-0.4399999999999977,0.0
GAS,10,43,10.0,84.977,0.09799999999999898,0.0
GAS,10,44,10.0,85.028,0.05100000000000193,0.0
GAS,10,45,10.0,87.175,2.1469999999999914,0.0
GAS,10,46,10.0,85.353,-1.8220000000000027,0.0
GAS,10,47,10.0,86.497,1.1440000000000055,0.0
GAS,10,48,10.0,84.982,-1.5150000000000006,0.0
GAS,10,49,10.0,85.281,0.2990000000000066,0.0
GAS,10,50,10.0,84.927,-0.3539999999999992,0.0
GAS,10,51,10.0,86.46,1.532999999999987,0.0
GAS,10,52,10.0,86.527,0.06700000000000728,0.0
GAS,10,53,10.0,84.79,-1.7369999999999948,0.0
GAS,10,54,10.0,84.52,-0.27000000000001023,0.0
GAS,10,55,10.0,84.595,0.07500000000000284,0.0
GAS,10,56,10.0,84.486,-0.10899999999999466,0.0
GAS,10,57,10.0,84.837,0.3509999999999991,0.0
HAD,6,1,4.0,96.046,,
HAD,6,2,4.0,85.987,-10.059000000000012,0.0
HAD,6,3,4.0,85.556,-0.4309999999999974,0.0
HAD,6,4,4.0,85.342,-0.21399999999999864,0.0
HAD,6,5,4.0,85.355,0.01300000000000523,0.0
HAD,6,6,5.0,85.879,0.5240000000000009,1.0
HAD,6,7,5.0,85.445,-0.4340000000000117,0.0
HAD,6,8,5.0,85.313,-0.1319999999999908,0.0
HAD,6,9,5.0,85.239,-0.07399999999999807,0.0
HAD,6,10,5.0,85.363,0.12399999999999523,0.0
HAM,44,1,3.0,95.261,,
HAM,44,2,3.0,84.626,-10.634999999999991,0.0
HAM,44,3,3.0,84.874,0.24799999999999045,0.0
HAM,44,4,3.0,85.066,0.19200000000000728,0.0
HAM,44,5,3.0,84.502,-0.5640000000000072,0.0
HAM,44,6,3.0,84.703,0.20100000000000762,0.0
HAM,44,7,3.0,84.365,-0.33800000000000807,0.0
HAM,44,8,3.0,84.408,0.043000000000006366,0.0
HAM,44,9,3.0,85.844,1.4359999999999928,0.0
HAM,44,10,3.0,84.255,-1.5889999999999986,0.0
HAM,44,11,3.0,84.073,-0.18200000000000216,0.0
HAM,44,12,2.0,114.958,30.885000000000005,-1.0
HAM,44,13,2.0,116.315,1.3569999999999993,0.0
HAM,44,14,2.0,88.327,-27.988,0.0
HAM,44,15,2.0,83.703,-4.623999999999995,0.0
HAM,44,16,2.0,83.412,-0.2909999999999968,0.0
HAM,44,17,2.0,84.045,0.6329999999999956,0.0
HAM,44,18,2.0,91.597,7.5519999999999925,0.0
HAM,44,19,2.0,113.1,21.503,0.0
HAM,44,20,2.0,91.637,-21.462999999999994,0.0
HAM,44,21,2.0,83.617,-8.019999999999996,0.0
HAM,44,22,2.0,83.509,-0.10800000000000409,0.0
HAM,44,23,2.0,83.382,-0.12699999999999534,0.0
HAM,44,24,2.0,84.329,0.9469999999999885,0.0
HAM,44,25,1.0,83.66,-0.6689999999999969,-1.0
HAM,44,26,1.0,84.085,0.42499999999999716,0.0
HAM,44,27,1.0,83.76,-0.32499999999998863,0.0
HAM,44,28,4.0,99.578,15.817999999999998,3.0
HAM,44,29,4.0,89.135,-10.442999999999998,0.0
HAM,44,30,4.0,83.474,-5.661000000000001,0.0
HAM,44,31,4.0,83.129,-0.34499999999999886,0.0
HAM,44,32,4.0,83.185,0.055999999999997385,0.0
HAM,44,33,4.0,83.775,0.5900000000000034,0.0
HAM,44,34,4.0,98.315,14.539999999999992,0.0
HAM,44,35,4.0,83.317,-14.998000000000005,0.0
HAM,44,36,4.0,83.338,0.021000000000000796,0.0
HAM,44,37,4.0,83.086,-0.25199999999999534,0.0
HAM,44,38,4.0,82.688,-0.39799999999999613,0.0
HAM,44,39,4.0,82.536,-0.15200000000000102,0.0
HAM,44,40,4.0,82.55,0.013999999999995794,0.0
HAM,44,41,4.0,82.648,0.09799999999999898,0.0
HAM,44,42,4.0,82.636,-0.012000000000000455,0.0
HAM,44,43,4.0,82.559,-0.07699999999999818,0.0
HAM,44,44,4.0,82.837,0.2780000000000058,0.0
HAM,44,45,4.0,82.529,-0.30800000000000693,0.0
HAM,44,46,4.0,82.945,0.4159999999999968,0.0
HAM,44,47,4.0,82.677,-0.26799999999998647,0.0
HAM,44,48,4.0,82.764,0.08699999999998909,0.0
HAM,44,49,4.0,82.835,0.07099999999999795,0.0
HAM,44,50,4.0,83.31,0.4750000000000085,0.0
HAM,44,51,4.0,82.683,-0.6269999999999953,0.0
HAM,44,52,4.0,83.008,0.32499999999998863,0.0
HAM,44,53,4.0,83.165,0.1570000000000107,0.0
HAM,44,54,4.0,82.554,-0.6110000000000042,0.0
HAM,44,55,4.0,82.423,-0.13100000000000023,0.0
HAM,44,56,4.0,82.5,0.07699999999999818,0.0
HAM,44,57,4.0,82.716,0.21599999999999397,0.0
HAM,44,58,4.0,82.637,-0.07899999999999352,0.0
LAW,30,1,18.0,102.188,,
LAW,30,2,17.0,88.537,-13.650999999999996,-1.0
LAW,30,3,17.0,86.869,-1.6680000000000064,0.0
LAW,30,4,17.0,86.661,-0.2079999999999984,0.0
LAW,30,5,17.0,87.142,0.48099999999999454,0.0
LAW,30,6,17.0,87.96,0.8179999999999978,0.0
LAW,30,7,16.0,86.644,-1.3159999999999883,-1.0
LAW,30,8,16.0,85.888,-0.7560000000000002,0.0
LAW,30,9,15.0,86.025,0.13700000000000045,-1.0
LAW,30,10,15.0,85.751,-0.2740000000000009,0.0
LAW,30,11,16.0,110.026,24.27499999999999,1.0
LAW,30,12,15.0,130.384,20.35799999999999,-1.0
LAW,30,13,15.0,95.45,-34.93399999999998,0.0
LAW,30,14,15.0,85.233,-10.216999999999999,0.0
LAW,30,15,15.0,86.791,1.5579999999999927,0.0
LAW,30,17,14.0,85.839,-0.9519999999999982,-1.0
LAW,30,18,14.0,108.965,23.126000000000005,0.0
LAW,30,19,14.0,105.808,-3.1569999999999965,0.0
LAW,30,20,14.0,85.068,-20.74000000000001,0.0
LAW,30,21,14.0,84.91,-0.15800000000000125,0.0
LAW,30,22,14.0,85.041,0.13100000000000023,0.0
LAW,30,23,14.0,85.074,0.03300000000000125,0.0
LAW,30,24,14.0,86.526,1.4519999999999982,0.0
LAW,30,25,14.0,85.255,-1.2710000000000008,0.0
LAW,30,26,14.0,84.972,-0.28300000000000125,0.0
LAW,30,27,14.0,85.173,0.20100000000000762,0.0
LAW,30,28,14.0,85.377,0.20399999999999352,0.0
LAW,30,29,14.0,85.253,-0.12399999999999523,0.0
LAW,30,30,14.0,85.65,0.39700000000000557,0.0
LAW,30,31,14.0,85.792,0.1419999999999959,0.0
LAW,30,32,14.0,85.867,0.07500000000000284,0.0
LAW,30,33,13.0,114.107,28.239999999999995,-1.0
LAW,30,34,14.0,90.927,-23.179999999999993,1.0
LAW,30,35,14.0,84.21,-6.717000000000013,0.0
LAW,30,36,14.0,86.728,2.5180000000000007,0.0
LAW,30,37,13.0,85.74,-0.9879999999999995,-1.0
LAW,30,38,13.0,84.423,-1.316999999999993,0.0
LAW,30,39,13.0,84.124,-0.2990000000000066,0.0
LAW,30,40,13.0,84.077,-0.046999999999997044,0.0
LAW,30,41,13.0,83.92,-0.15699999999999648,0.0
LAW,30,42,13.0,84.048,0.1280000000000001,0.0
LAW,30,43,13.0,84.232,0.1839999999999975,0.0
LAW,30,44,13.0,84.071,-0.16100000000000136,0.0
LAW,30,45,13.0,84.31,0.23900000000000432,0.0
LAW,30,46,13.0,84.023,-0.28700000000000614,0.0
LAW,30,47,13.0,83.783,-0.23999999999999488,0.0
LAW,30,48,13.0,84.222,0.43899999999999295,0.0
LAW,30,49,13.0,83.932,-0.28999999999999204,0.0
LAW,30,50,13.0,83.912,-0.01999999999999602,0.0
LAW,30,51,13.0,84.46,0.5479999999999876,0.0
LAW,30,52,13.0,84.665,0.2050000000000125,0.0
LAW,30,53,13.0,85.162,0.4969999999999999,0.0
LAW,30,54,13.0,84.525,-0.6370000000000005,0.0
LAW,30,55,13.0,85.123,0.597999999999999,0.0
LAW,30,56,13.0,86.895,1.7719999999999914,0.0
LAW,30,57,13.0,86.317,-0.578000000000003,0.0
LEC,16,1,1.0,91.929,,
LEC,16,2,2.0,86.212,-5.716999999999999,1.0
LEC,16,3,1.0,85.453,-0.7590000000000003,-1.0
LEC,16,4,1.0,84.553,-0.9000000000000057,0.0
LEC,16,5,1.0,83.981,-0.5720000000000027,0.0
LEC,16,6,1.0,84.822,0.8410000000000082,0.0
LEC,16,7,1.0,84.034,-0.7879999999999967,0.0
LEC,16,8,1.0,85.563,1.5289999999999964,0.0
LEC,16,9,1.0,85.602,0.03900000000000148,0.0
LEC,16,10,1.0,83.977,-1.625,0.0
LEC,16,11,1.0,83.798,-0.17900000000000205,0.0
LEC,16,12,1.0,114.008,30.209999999999994,0.0
LEC,16,13,1.0,115.178,1.1700000000000017,0.0
LEC,16,14,1.0,90.489,-24.688999999999993,0.0
LEC,16,15,1.0,83.765,-6.724000000000004,0.0
LEC,16,16,1.0,83.511,-0.2540000000000049,0.0
LEC,16,17,1.0,84.356,0.8449999999999989,0.0
LEC,16,18,1.0,89.602,5.246000000000009,0.0
LEC,16,19,1.0,113.653,24.051000000000002,0.0
LEC,16,20,1.0,93.183,-20.47,0.0
LEC,16,21,1.0,83.322,-9.861000000000004,0.0
LEC,16,22,1.0,83.416,0.09399999999999409,0.0
LEC,16,23,1.0,83.476,0.060000000000002274,0.0
LEC,16,24,1.0,83.66,0.1839999999999975,0.0
LEC,16,25,4.0,97.834,14.174000000000007,3.0
LEC,16,26,4.0,89.317,-8.51700000000001,0.0
LEC,16,27,4.0,83.106,-6.2109999999999985,0.0
LEC,16,28,3.0,83.089,-0.016999999999995907,-1.0
LEC,16,29,3.0,82.987,-0.10200000000000387,0.0
LEC,16,30,3.0,83.026,0.03900000000000148,0.0
LEC,16,31,3.0,82.934,-0.09199999999999875,0.0
LEC,16,32,3.0,82.947,0.01300000000000523,0.0
LEC,16,33,3.0,83.174,0.22700000000000387,0.0
LEC,16,34,3.0,98.516,15.341999999999999,0.0
LEC,16,35,3.0,83.542,-14.974000000000004,0.0
LEC,16,36,3.0,84.376,0.8340000000000032,0.0
LEC,16,37,3.0,83.236,-1.1400000000000006,0.0
LEC,16,38,3.0,82.579,-0.6570000000000107,0.0
LEC,16,39,3.0,82.728,0.1490000000000009,0.0
LEC,16,40,3.0,82.93,0.2020000000000124,0.0
LEC,16,41,3.0,82.995,0.06499999999999773,0.0
LEC,16,42,3.0,82.846,-0.1490000000000009,0.0
LEC,16,43,3.0,82.75,-0.09600000000000364,0.0
LEC,16,44,3.0,83.094,0.3439999999999941,0.0
LEC,16,45,3.0,83.16,0.0660000000000025,0.0
LEC,16,46,3.0,82.894,-0.26599999999999113,0.0
LEC,16,47,3.0,82.952,0.057999999999992724,0.0
LEC,16,48,3.0,82.899,-0.05299999999999727,0.0
LEC,16,49,3.0,83.364,0.4650000000000034,0.0
LEC,16,50,3.0,83.2,-0.16400000000000148,0.0
LEC,16,51,3.0,82.989,-0.21099999999999852,0.0
LEC,16,52,3.0,83.049,0.060000000000002274,0.0
LEC,16,53,3.0,83.014,-0.0350000000000108,0.0
LEC,16,54,3.0,83.045,0.03100000000000591,0.0
LEC,16,55,3.0,82.825,-0.21999999999999886,0.0
LEC,16,56,3.0,82.965,0.14000000000000057,0.0
LEC,16,57,3.0,83.098,0.13299999999999557,0.0
LEC,16,58,3.0,83.317,0.2189999999999941,0.0
LIN,41,1,5.0,96.081,,
LIN,41,2,5.0,87.218,-8.863,0.0
LIN,41,3,5.0,85.497,-1.7210000000000036,0.0
LIN,41,4,5.0,86.072,0.5750000000000028,0.0
LIN,41,5,6.0,86.235,0.1629999999999967,1.0
LIN,41,6,6.0,85.392,-0.8430000000000035,0.0
LIN,41,7,6.0,85.194,-0.1979999999999933,0.0
LIN,41,8,6.0,85.26,0.0660000000000025,0.0
LIN,41,9,6.0,85.337,0.07699999999999818,0.0
LIN,41,10,6.0,85.565,0.22799999999999443,0.0
LIN,41,11,5.0,92.238,6.673000000000002,-1.0
LIN,41,12,4.0,112.0,19.762,-1.0
LIN,41,13,4.0,114.878,2.878,0.0
LIN,41,14,4.0,88.161,-26.717,0.0
LIN,41,15,4.0,84.877,-3.284000000000006,0.0
LIN,41,16,5.0,85.898,1.0210000000000008,1.0
LIN,41,17,5.0,85.096,-0.8019999999999925,0.0
LIN,41,18,6.0,108.224,23.128,1.0
LIN,41,19,6.0,117.225,9.00099999999999,0.0
LIN,41,20,7.0,85.424,-31.800999999999988,1.0
LIN,41,21,7.0,84.182,-1.2420000000000044,0.0
LIN,41,22,7.0,84.29,0.10800000000000409,0.0
LIN,41,23,7.0,84.909,0.6189999999999998,0.0
LIN,41,24,7.0,84.554,-0.355000000000004,0.0
LIN,41,25,7.0,84.263,-0.2909999999999968,0.0
LIN,41,26,7.0,84.205,-0.058000000000006935,0.0
LIN,41,27,7.0,84.361,0.1560000000000059,0.0
LIN,41,28,7.0,84.475,0.11399999999999011,0.0
LIN,41,29,7.0,84.916,0.4410000000000025,0.0
LIN,41,30,7.0,84.282,-0.6340000000000003,0.0
LIN,41,31,7.0,84.876,0.5940000000000083,0.0
LIN,41,32,7.0,84.671,-0.2049999999999983,0.0
LIN,41,33,7.0,89.426,4.7549999999999955,0.0
LIN,41,34,7.0,93.812,4.385999999999996,0.0
LIN,41,35,6.0,84.536,-9.275999999999996,-1.0
LIN,41,36,6.0,84.698,0.16199999999999193,0.0
LIN,41,37,6.0,84.523,-0.17499999999999716,0.0
LIN,41,38,6.0,84.797,0.2740000000000009,0.0
LIN,41,39,7.0,85.955,1.1580000000000013,1.0
LIN,41,40,8.0,88.242,2.287000000000006,1.0
LIN,41,41,8.0,85.406,-2.8359999999999985,0.0
LIN,41,42,8.0,85.409,0.0030000000000001137,0.0
LIN,41,43,8.0,84.862,-0.5470000000000113,0.0
LIN,41,44,8.0,84.747,-0.11499999999999488,0.0
LIN,41,45,8.0,84.645,-0.10200000000000387,0.0
LIN,41,46,8.0,84.688,0.043000000000006366,0.0
LIN,41,47,8.0,84.773,0.08499999999999375,0.0
LIN,41,48,8.0,84.863,0.09000000000000341,0.0
LIN,41,49,8.0,84.774,-0.08899999999999864,0.0
LIN,41,50,8.0,84.715,-0.0589999999999975,0.0
LIN,41,51,8.0,84.374,-0.3410000000000082,0.0
LIN,41,52,8.0,85.21,0.8359999999999985,0.0
LIN,41,53,8.0,86.148,0.9380000000000024,0.0
LIN,41,54,8.0,88.167,2.0190000000000055,0.0
LIN,41,55,8.0,84.614,-3.5529999999999973,0.0
LIN,41,56,8.0,84.688,0.07399999999999807,0.0
LIN,41,57,8.0,84.689,0.000999999999990564,0.0
NOR,1,1,6.0,96.458,,
NOR,1,2,6.0,87.344,-9.114000000000004,0.0
NOR,1,3,7.0,86.863,-0.48099999999999454,1.0
NOR,1,4,7.0,85.857,-1.0060000000000002,0.0
NOR,1,5,7.0,85.573,-0.284000000000006,0.0
NOR,1,6,7.0,85.036,-0.5369999999999919,0.0
NOR,1,7,7.0,84.978,-0.058000000000006935,0.0
NOR,1,8,7.0,85.299,0.32100000000001216,0.0
NOR,1,9,7.0,85.639,0.3399999999999892,0.0
NOR,1,10,7.0,85.295,-0.3439999999999941,0.0
NOR,1,11,9.0,103.391,18.096000000000004,2.0
NOR,1,12,9.0,118.075,14.683999999999997,0.0
NOR,1,13,9.0,111.932,-6.143000000000001,0.0
NOR,1,14,9.0,84.233,-27.698999999999998,0.0
NOR,1,15,9.0,83.784,-0.44899999999999807,0.0
NOR,1,16,9.0,83.912,0.1280000000000001,0.0
NOR,1,17,9.0,84.053,0.14099999999999113,0.0
NOR,1,18,5.0,95.404,11.350999999999999,-4.0
NOR,1,19,5.0,116.07,20.665999999999997,0.0
NOR,1,20,5.0,85.774,-30.295999999999992,0.0
NOR,1,21,5.0,83.972,-1.8020000000000067,0.0
NOR,1,22,5.0,83.687,-0.2849999999999966,0.0
NOR,1,23,5.0,83.534,-0.1529999999999916,0.0
NOR,1,24,5.0,83.394,-0.14000000000000057,0.0
NOR,1,25,5.0,83.5,0.10599999999999454,0.0
NOR,1,26,5.0,83.403,-0.0969999999999942,0.0
NOR,1,27,5.0,83.896,0.492999999999995,0.0
NOR,1,28,5.0,84.04,0.14400000000000546,0.0
NOR,1,29,5.0,84.08,0.03999999999999204,0.0
NOR,1,30,5.0,83.961,-0.11899999999999977,0.0
NOR,1,31,5.0,84.094,0.13299999999999557,0.0
NOR,1,32,5.0,84.075,-0.018999999999991246,0.0
NOR,1,33,5.0,84.79,0.7150000000000034,0.0
NOR,1,34,6.0,112.732,27.941999999999993,1.0
NOR,1,35,8.0,89.434,-23.298000000000002,2.0
NOR,1,36,8.0,83.324,-6.109999999999999,0.0
NOR,1,37,8.0,83.448,0.12399999999999523,0.0
NOR,1,38,7.0,83.423,-0.024999999999991473,-1.0
NOR,1,39,6.0,84.001,0.578000000000003,-1.0
NOR,1,40,6.0,83.397,-0.6039999999999992,0.0
NOR,1,41,6.0,83.762,0.3649999999999949,0.0
NOR,1,42,5.0,83.347,-0.41500000000000625,-1.0
NOR,1,43,5.0,83.286,-0.06099999999999284,0.0
NOR,1,44,5.0,83.192,-0.0940000000000083,0.0
NOR,1,45,5.0,82.886,-0.3059999999999974,0.0
NOR,1,46,5.0,82.908,0.02200000000000557,0.0
NOR,1,47,5.0,82.778,-0.12999999999999545,0.0
NOR,1,48,5.0,82.953,0.17499999999999716,0.0
NOR,1,49,5.0,82.804,-0.1490000000000009,0.0
NOR,1,50,5.0,82.763,-0.04099999999999682,0.0
NOR,1,51,5.0,82.598,-0.16500000000000625,0.0
NOR,1,52,5.0,82.784,0.18600000000000705,0.0
NOR,1,53,5.0,82.358,-0.42600000000000193,0.0
NOR,1,54,5.0,82.796,0.4380000000000024,0.0
NOR,1,55,5.0,82.867,0.07099999999999795,0.0
NOR,1,56,5.0,82.843,-0.02400000000000091,0.0
NOR,1,57,5.0,83.416,0.5729999999999933,0.0
NOR,1,58,5.0,83.046,-0.36999999999999034,0.0
OCO,31,1,8.0,97.5,,
OCO,31,2,8.0,87.035,-10.465000000000003,0.0
OCO,31,3,8.0,86.567,-0.4680000000000035,0.0
OCO,31,4,8.0,86.186,-0.380999999999986,0.0
OCO,31,5,8.0,86.808,0.6219999999999999,0.0
OCO,31,6,8.0,85.569,-1.2390000000000043,0.0
OCO,31,7,8.0,85.087,-0.4819999999999993,0.0
OCO,31,8,8.0,85.029,-0.058000000000006935,0.0
OCO,31,9,8.0,85.552,0.5230000000000103,0.0
OCO,31,10,8.0,85.632,0.0799999999999983,0.0
OCO,31,11,11.0,105.949,20.316999999999993,3.0
OCO,31,12,10.0,116.405,10.456000000000003,-1.0
OCO,31,13,10.0,112.218,-4.186999999999998,0.0
OCO,31,14,10.0,85.303,-26.915000000000006,0.0
OCO,31,15,10.0,85.36,0.05700000000000216,0.0
OCO,31,16,10.0,85.43,0.07000000000000739,0.0
OCO,31,17,10.0,85.716,0.28599999999998715,0.0
OCO,31,18,10.0,101.381,15.665000000000006,0.0
OCO,31,19,9.0,112.711,11.329999999999998,-1.0
OCO,31,20,10.0,86.713,-25.998000000000005,1.0
OCO,31,21,11.0,86.571,-0.1419999999999959,1.0
OCO,31,22,11.0,84.821,-1.75,0.0
OCO,31,23,11.0,84.65,-0.17099999999999227,0.0
OCO,31,24,11.0,85.255,0.6049999999999898,0.0
OCO,31,25,11.0,84.424,-0.8309999999999889,0.0
OCO,31,26,11.0,84.696,0.27199999999999136,0.0
OCO,31,27,11.0,84.801,0.10500000000000398,0.0
OCO,31,28,11.0,84.737,-0.06400000000000716,0.0
OCO,31,29,11.0,84.769,0.03200000000001069,0.0
OCO,31,30,11.0,84.966,0.19699999999998852,0.0
OCO,31,31,11.0,85.307,0.3410000000000082,0.0
OCO,31,32,11.0,85.045,-0.26200000000000045,0.0
OCO,31,33,10.0,93.284,8.239000000000004,-1.0
OCO,31,34,10.0,90.235,-3.0490000000000066,0.0
OCO,31,35,10.0,85.199,-5.036000000000001,0.0
OCO,31,36,10.0,85.018,-0.18099999999999739,0.0
OCO,31,37,9.0,85.462,0.4440000000000026,-1.0
OCO,31,38,10.0,86.972,1.509999999999991,1.0
OCO,31,39,11.0,85.913,-1.0589999999999975,1.0
OCO,31,40,11.0,85.433,-0.47999999999998977,0.0
OCO,31,41,11.0,85.164,-0.26900000000000546,0.0
OCO,31,42,11.0,85.249,0.08499999999999375,0.0
OCO,31,43,11.0,85.106,-0.14300000000000068,0.0
OCO,31,44,11.0,86.597,1.4909999999999997,0.0
OCO,31,45,11.0,85.228,-1.3689999999999998,0.0
OCO,31,46,11.0,86.221,0.9930000000000092,0.0
OCO,31,47,11.0,86.334,0.11299999999999955,0.0
OCO,31,48,11.0,85.019,-1.3149999999999977,0.0
OCO,31,49,11.0,85.115,0.09599999999998943,0.0
OCO,31,50,11.0,86.815,1.7000000000000028,0.0
OCO,31,51,11.0,86.297,-0.5180000000000007,0.0
OCO,31,52,11.0,84.584,-1.7129999999999939,0.0
OCO,31,53,11.0,84.622,0.0379999999999967,0.0
OCO,31,54,11.0,84.908,0.28600000000000136,0.0
OCO,31,55,11.0,84.577,-0.33100000000000307,0.0
OCO,31,56,11.0,84.533,-0.04399999999999693,0.0
OCO,31,57,11.0,84.573,0.03999999999999204,0.0
PER,11,1,19.0,102.557,,
PER,11,2,19.0,88.763,-13.793999999999997,0.0
PER,11,3,18.0,88.094,-0.6690000000000111,-1.0
PER,11,4,18.0,87.222,-0.8719999999999999,0.0
PER,11,5,18.0,88.025,0.8030000000000115,0.0
PER,11,6,18.0,87.595,-0.4300000000000068,0.0
PER,11,7,18.0,87.625,0.030000000000001137,0.0
PER,11,8,18.0,87.184,-0.4410000000000025,0.0
PER,11,9,17.0,87.05,-0.13400000000000034,-1.0
PER,11,10,17.0,87.595,0.5450000000000017,0.0
PER,11,11,14.0,97.875,10.280000000000001,-3.0
PER,11,12,14.0,116.537,18.662000000000006,0.0
PER,11,13,14.0,110.001,-6.536000000000001,0.0
PER,11,14,14.0,87.084,-22.917,0.0
PER,11,15,14.0,88.137,1.0529999999999973,0.0
PER,11,16,15.0,91.277,3.1400000000000006,1.0
PER,11,17,15.0,88.615,-2.662000000000006,0.0
PER,11,18,16.0,126.084,37.46900000000001,1.0
PER,11,19,16.0,103.359,-22.72500000000001,0.0
PER,11,20,16.0,86.49,-16.869,0.0
PER,11,21,16.0,87.262,0.7720000000000056,0.0
PER,11,22,16.0,89.083,1.820999999999998,0.0
PER,11,23,16.0,87.457,-1.6260000000000048,0.0
PER,11,24,16.0,89.284,1.8270000000000124,0.0
PER,11,25,16.0,87.093,-2.1910000000000025,0.0
PER,11,26,16.0,88.588,1.4949999999999903,0.0
PER,11,27,16.0,88.352,-0.23599999999999,0.0
PER,11,28,16.0,89.249,0.8969999999999914,0.0
PER,11,29,16.0,86.934,-2.3149999999999977,0.0
PER,11,30,16.0,87.419,0.48499999999999943,0.0
PER,11,31,16.0,90.506,3.0870000000000033,0.0
PER,11,32,16.0,94.972,4.465999999999994,0.0
PER,11,33,16.0,93.478,-1.4939999999999998,0.0
PER,11,34,16.0,87.151,-6.326999999999998,0.0
PER,11,35,16.0,89.226,2.075000000000003,0.0
PER,11,36,16.0,88.891,-0.33499999999999375,0.0
PER,11,37,16.0,87.081,-1.8100000000000023,0.0
PER,11,38,16.0,86.93,-0.15099999999999625,0.0
PER,11,39,16.0,87.099,0.16899999999999693,0.0
PER,11,40,16.0,89.198,2.0989999999999895,0.0
PER,11,41,16.0,89.219,0.021000000000000796,0.0
PER,11,42,16.0,87.956,-1.262999999999991,0.0
PER,11,43,16.0,105.049,17.093000000000004,0.0
PER,11,44,16.0,93.422,-11.62700000000001,0.0
PER,11,45,16.0,86.314,-7.108000000000004,0.0
PER,11,46,16.0,88.095,1.781000000000006,0.0
PER,11,47,16.0,86.07,-2.0250000000000057,0.0
PER,11,48,16.0,86.151,0.08100000000000307,0.0
PER,11,49,16.0,86.21,0.0589999999999975,0.0
PER,11,50,16.0,86.085,-0.125,0.0
PER,11,51,16.0,86.2,0.1150000000000091,0.0
PER,11,52,16.0,86.412,0.2120000000000033,0.0
PER,11,53,16.0,86.13,-0.2820000000000107,0.0
PER,11,54,16.0,89.959,3.8290000000000077,0.0
PER,11,55,16.0,88.957,-1.0020000000000095,0.0
RUS,63,1,2.0,92.694,,
RUS,63,2,1.0,85.007,-7.686999999999998,-1.0
RUS,63,3,2.0,86.444,1.4369999999999976,1.0
RUS,63,4,2.0,84.789,-1.6550000000000011,0.0
RUS,63,5,2.0,84.017,-0.7720000000000056,0.0
RUS,63,6,2.0,84.639,0.6219999999999999,0.0
RUS,63,7,2.0,84.099,-0.539999999999992,0.0
RUS,63,8,2.0,85.19,1.090999999999994,0.0
RUS,63,9,2.0,85.978,0.7879999999999967,0.0
RUS,63,10,2.0,84.112,-1.8659999999999997,0.0
RUS,63,11,2.0,83.967,-0.14499999999999602,0.0
RUS,63,12,3.0,125.94,41.973,1.0
RUS,63,13,3.0,117.659,-8.280999999999992,0.0
RUS,63,14,3.0,87.094,-30.565000000000012,0.0
RUS,63,15,3.0,82.825,-4.268999999999991,0.0
RUS,63,16,3.0,82.923,0.09799999999999898,0.0
RUS,63,17,3.0,82.765,-0.15800000000000125,0.0
RUS,63,18,3.0,88.979,6.213999999999999,0.0
RUS,63,19,3.0,115.257,26.278000000000006,0.0
RUS,63,20,3.0,90.936,-24.320999999999998,0.0
RUS,63,21,3.0,82.67,-8.266000000000005,0.0
RUS,63,22,3.0,82.892,0.2219999999999942,0.0
RUS,63,23,3.0,82.828,-0.06399999999999295,0.0
RUS,63,24,3.0,83.466,0.637999999999991,0.0
RUS,63,25,2.0,82.879,-0.5869999999999891,-1.0
RUS,63,26,2.0,83.093,0.21399999999999864,0.0
RUS,63,27,2.0,83.188,0.09499999999999886,0.0
RUS,63,28,1.0,83.39,0.20199999999999818,-1.0
RUS,63,29,1.0,83.486,0.09600000000000364,0.0
RUS,63,30,1.0,83.272,-0.21399999999999864,0.0
RUS,63,31,1.0,83.147,-0.125,0.0
RUS,63,32,1.0,83.54,0.3930000000000007,0.0
RUS,63,33,1.0,83.838,0.2979999999999876,0.0
RUS,63,34,1.0,97.592,13.754000000000005,0.0
RUS,63,35,1.0,83.017,-14.575000000000003,0.0
RUS,63,36,1.0,82.729,-0.2879999999999967,0.0
RUS,63,37,1.0,82.839,0.10999999999999943,0.0
RUS,63,38,1.0,82.863,0.02400000000000091,0.0
RUS,63,39,1.0,82.738,-0.125,0.0
RUS,63,40,1.0,82.915,0.1770000000000067,0.0
RUS,63,41,1.0,83.073,0.15799999999998704,0.0
RUS,63,42,1.0,83.054,-0.018999999999991246,0.0
RUS,63,43,1.0,82.893,-0.16100000000000136,0.0
RUS,63,44,1.0,82.856,-0.03700000000000614,0.0
RUS,63,45,1.0,83.477,0.6210000000000093,0.0
RUS,63,46,1.0,83.751,0.2740000000000009,0.0
RUS,63,47,1.0,83.033,-0.7180000000000035,0.0
RUS,63,48,1.0,83.034,0.0010000000000047748,0.0
RUS,63,49,1.0,82.844,-0.19000000000001194,0.0
RUS,63,50,1.0,83.087,0.2430000000000092,0.0
RUS,63,51,1.0,82.762,-0.32500000000000284,0.0
RUS,63,52,1.0,83.106,0.3439999999999941,0.0
RUS,63,53,1.0,83.069,-0.03699999999999193,0.0
RUS,63,54,1.0,83.1,0.0309999999999917,0.0
RUS,63,55,1.0,82.67,-0.4299999999999926,0.0
RUS,63,56,1.0,82.757,0.0870000000000033,0.0
RUS,63,57,1.0,83.188,0.4309999999999974,0.0
RUS,63,58,1.0,83.351,0.1629999999999967,0.0
SAI,55,1,13.0,99.815,,
SAI,55,2,14.0,87.98,-11.834999999999994,1.0
SAI,55,3,15.0,88.093,0.11299999999999955,1.0
SAI,55,4,15.0,87.216,-0.8770000000000095,0.0
SAI,55,5,15.0,87.511,0.2950000000000017,0.0
SAI,55,6,14.0,86.872,-0.6389999999999958,-1.0
SAI,55,7,14.0,85.698,-1.1740000000000066,0.0
SAI,55,8,14.0,85.433,-0.26499999999998636,0.0
SAI,55,9,14.0,85.826,0.39299999999998647,0.0
SAI,55,10,14.0,86.202,0.3760000000000048,0.0
SAI,55,11,13.0,106.912,20.710000000000008,-1.0
SAI,55,12,13.0,116.846,9.933999999999997,0.0
SAI,55,13,13.0,108.341,-8.50500000000001,0.0
SAI,55,14,13.0,84.927,-23.413999999999987,0.0
SAI,55,15,13.0,84.824,-0.10300000000000864,0.0
SAI,55,16,12.0,84.94,0.11599999999999966,-1.0
SAI,55,17,12.0,85.151,0.21099999999999852,0.0
SAI,55,18,12.0,102.82,17.668999999999997,0.0
SAI,55,19,12.0,110.08,7.260000000000005,0.0
SAI,55,20,12.0,85.394,-24.685999999999993,0.0
SAI,55,21,12.0,85.409,0.015000000000000568,0.0
SAI,55,22,12.0,85.37,-0.03900000000000148,0.0
SAI,55,23,12.0,85.6,0.22999999999998977,0.0
SAI,55,24,12.0,85.704,0.1039999999999992,0.0
SAI,55,25,12.0,86.122,0.41800000000000637,0.0
SAI,55,26,12.0,86.141,0.019000000000005457,0.0
SAI,55,27,12.0,86.124,-0.017000000000010118,0.0
SAI,55,28,12.0,86.796,0.6720000000000113,0.0
SAI,55,29,13.0,88.049,1.2530000000000001,1.0
SAI,55,30,13.0,87.095,-0.9540000000000077,0.0
SAI,55,31,13.0,86.639,-0.45600000000000307,0.0
SAI,55,32,13.0,87.386,0.7469999999999999,0.0
SAI,55,33,14.0,119.861,32.47500000000001,1.0
SAI,55,34,15.0,93.021,-26.840000000000003,1.0
SAI,55,35,15.0,84.881,-8.14,0.0
SAI,55,36,15.0,84.804,-0.07699999999999818,0.0
SAI,55,37,15.0,85.21,0.4059999999999917,0.0
SAI,55,38,15.0,87.205,1.9950000000000045,0.0
SAI,55,39,15.0,87.266,0.06100000000000705,0.0
SAI,55,40,15.0,86.222,-1.0440000000000111,0.0
SAI,55,41,15.0,86.717,0.49500000000000455,0.0
SAI,55,42,15.0,85.361,-1.3559999999999945,0.0
SAI,55,43,15.0,85.287,-0.07399999999999807,0.0
SAI,55,44,15.0,85.529,0.24199999999999022,0.0
SAI,55,45,15.0,116.391,30.86200000000001,0.0
SAI,55,46,15.0,91.589,-24.802000000000007,0.0
SAI,55,47,15.0,96.209,4.6200000000000045,0.0
SAI,55,48,15.0,84.977,-11.232,0.0
SAI,55,49,15.0,83.922,-1.0550000000000068,0.0
SAI,55,50,15.0,83.6,-0.32200000000000273,0.0
SAI,55,51,15.0,83.87,0.27000000000001023,0.0
SAI,55,52,15.0,83.59,-0.28000000000000114,0.0
SAI,55,54,15.0,84.266,0.6760000000000019,0.0
SAI,55,55,15.0,83.809,-0.45700000000000784,0.0
SAI,55,56,15.0,84.823,1.0139999999999958,0.0
STR,18,1,20.0,103.37,,
STR,18,2,20.0,88.773,-14.597000000000008,0.0
STR,18,3,20.0,88.58,-0.19299999999999784,0.0
STR,18,4,20.0,88.079,-0.5010000000000048,0.0
STR,18,5,20.0,88.185,0.10600000000000875,0.0
STR,18,6,20.0,88.202,0.016999999999995907,0.0
STR,18,7,20.0,87.987,-0.2150000000000034,0.0
STR,18,8,20.0,87.644,-0.3429999999999893,0.0
STR,18,9,19.0,88.072,0.42799999999999727,-1.0
STR,18,10,19.0,87.614,-0.4579999999999984,0.0
STR,18,11,19.0,132.251,44.637,0.0
STR,18,12,18.0,118.206,-14.045000000000002,-1.0
STR,18,13,17.0,98.945,-19.26100000000001,-1.0
STR,18,14,17.0,87.008,-11.936999999999998,0.0
STR,18,15,17.0,86.872,-0.13599999999999568,0.0
STR,18,16,17.0,87.37,0.49800000000000466,0.0
STR,18,17,17.0,90.502,3.131999999999991,0.0
STR,18,18,17.0,114.0,23.498000000000005,0.0
STR,18,19,17.0,99.887,-14.113,0.0
STR,18,20,17.0,88.097,-11.790000000000006,0.0
STR,18,21,17.0,87.915,-0.18199999999998795,0.0
STR,18,22,17.0,87.48,-0.4350000000000023,0.0
STR,18,23,17.0,87.511,0.0309999999999917,0.0
STR,18,24,17.0,87.122,-0.3889999999999958,0.0
STR,18,25,17.0,89.033,1.9110000000000014,0.0
STR,18,26,17.0,118.866,29.833,0.0
STR,18,27,17.0,97.514,-21.352000000000004,0.0
STR,18,28,17.0,86.074,-11.439999999999998,0.0
STR,18,29,17.0,86.064,-0.010000000000005116,0.0
STR,18,30,17.0,87.416,1.3520000000000039,0.0
STR,18,31,17.0,86.387,-1.0289999999999964,0.0
STR,18,32,17.0,102.468,16.081000000000003,0.0
STR,18,33,17.0,86.528,-15.939999999999998,0.0
STR,18,35,17.0,95.637,9.108999999999995,0.0
STR,18,36,17.0,85.41,-10.227000000000004,0.0
STR,18,37,17.0,86.32,0.9099999999999966,0.0
STR,18,38,17.0,86.37,0.05000000000001137,0.0
STR,18,39,17.0,105.889,19.51899999999999,0.0
STR,18,40,17.0,92.972,-12.917000000000002,0.0
STR,18,41,17.0,85.444,-7.527999999999992,0.0
STR,18,42,17.0,85.707,0.262999999999991,0.0
STR,18,43,17.0,85.919,0.2120000000000033,0.0
VER,3,1,16.0,101.333,,
VER,3,2,15.0,86.828,-14.504999999999995,-1.0
VER,3,3,14.0,87.096,0.2680000000000007,-1.0
VER,3,4,13.0,86.571,-0.5250000000000057,-1.0
VER,3,5,12.0,84.879,-1.691999999999993,-1.0
VER,3,6,11.0,84.968,0.08899999999999864,-1.0
VER,3,7,11.0,85.384,0.4159999999999968,0.0
VER,3,8,10.0,84.707,-0.6770000000000067,-1.0
VER,3,9,10.0,85.071,0.3640000000000043,0.0
VER,3,10,9.0,85.133,0.06199999999999761,-1.0
VER,3,11,6.0,91.029,5.896000000000001,-3.0
VER,3,12,6.0,114.214,23.185000000000002,0.0
VER,3,13,6.0,114.861,0.6470000000000056,0.0
VER,3,14,6.0,86.13,-28.73100000000001,0.0
VER,3,15,6.0,84.098,-2.0319999999999965,0.0
VER,3,16,6.0,84.606,0.5079999999999956,0.0
VER,3,17,6.0,84.757,0.15100000000001046,0.0
VER,3,18,7.0,108.547,23.789999999999992,1.0
VER,3,19,7.0,116.349,7.802000000000007,0.0
VER,3,20,6.0,83.566,-32.783,-1.0
VER,3,21,6.0,83.536,-0.030000000000001137,0.0
VER,3,22,6.0,83.458,-0.07800000000000296,0.0
VER,3,23,6.0,83.516,0.058000000000006935,0.0
VER,3,24,6.0,83.472,-0.04400000000001114,0.0
VER,3,25,6.0,83.554,0.08200000000000784,0.0
VER,3,26,6.0,83.363,-0.1910000000000025,0.0
VER,3,27,6.0,83.74,0.37699999999999534,0.0
VER,3,28,6.0,83.463,-0.277000000000001,0.0
VER,3,29,6.0,83.439,-0.02400000000000091,0.0
VER,3,30,6.0,83.39,-0.04899999999999238,0.0
VER,3,31,6.0,83.51,0.12000000000000455,0.0
VER,3,32,6.0,83.587,0.07699999999999818,0.0
VER,3,33,6.0,83.93,0.3430000000000035,0.0
VER,3,34,5.0,98.216,14.285999999999987,-1.0
VER,3,35,5.0,84.556,-13.659999999999997,0.0
VER,3,36,5.0,83.967,-0.5889999999999986,0.0
VER,3,37,5.0,83.675,-0.2920000000000016,0.0
VER,3,38,5.0,83.912,0.23700000000000898,0.0
VER,3,39,5.0,83.715,-0.19700000000000273,0.0
VER,3,40,5.0,84.595,0.8799999999999955,0.0
VER,3,41,5.0,98.866,14.271,0.0
VER,3,42,6.0,87.991,-10.875,1.0
VER,3,43,6.0,82.091,-5.900000000000006,0.0
VER,3,44,6.0,82.52,0.42900000000000205,0.0
VER,3,45,6.0,82.453,-0.06699999999999307,0.0
VER,3,46,6.0,82.81,0.3569999999999993,0.0
VER,3,47,6.0,82.489,-0.32099999999999795,0.0
VER,3,48,6.0,82.906,0.4170000000000016,0.0
VER,3,49,6.0,82.939,0.03299999999998704,0.0
VER,3,50,6.0,82.738,-0.2009999999999934,0.0
VER,3,51,6.0,82.69,-0.04800000000000182,0.0
VER,3,52,6.0,82.683,-0.006999999999990791,0.0
VER,3,53,6.0,83.109,0.4259999999999877,0.0
VER,3,54,6.0,83.09,-0.018999999999991246,0.0
VER,3,55,6.0,83.211,0.12099999999999511,0.0
VER,3,56,6.0,83.109,-0.10200000000000387,0.0
VER,3,57,6.0,83.469,0.35999999999999943,0.0
VER,3,58,6.0,83.533,0.06400000000000716,0.0
