Driver,LapNumber,Date,SessionTime,Distance,Speed,Throttle,Brake,tau,SpeedMSSmoothed,AccelerationMS2,DecelerationMS2,DeltaTimeSeconds,DeltaTimeValid,DeltaTimeGap,SampleValid,DeployProxy,HarvestProxy,LiftDecelProxy,HarvestGate,freeze_flag,yellow_flag,IsAccurate,TrackStatus,InLapWindow,EstimatedEnergyIndex
NOR,5,2026-03-08 04:09:23.213,0 days 01:08:16.590000,7.045833333333336,285.0,100.0,False,1.0,79.16666666666667,0.0,-0.0,,False,False,True,79.16666666666667,0.0,0.0,False,False,False,True,1,True,0.992801229925192
NOR,5,2026-03-08 04:09:23.412,0 days 01:08:16.789000,22.910555555555554,287.0,100.0,False,1.0,79.72222222222221,2.791736460078105,0.0,0.199,True,False,True,79.72222222222221,0.0,0.0,False,False,False,True,1,True,0.9926771288013102
NOR,5,2026-03-08 04:09:23.892,0 days 01:08:17.269000,61.31055555555556,288.0,100.0,False,1.0,80.0,0.5787037037037202,0.0,0.48,True,False,True,80.0,0.0,0.0,False,False,False,True,1,True,0.9923767464126172
NOR,5,2026-03-08 04:09:24.252,0 days 01:08:17.629000,90.21055555555554,289.0,100.0,False,1.0,80.27777777777777,0.7716049382715874,0.0,0.36,True,False,True,80.27777777777777,0.0,0.0,False,False,False,True,1,True,0.9921506773752936
NOR,5,2026-03-08 04:09:24.452,0 days 01:08:17.829000,106.43277777777777,292.0,100.0,False,1.0,81.11111111111111,4.166666666666714,0.0,0.2,True,False,True,81.11111111111111,0.0,0.0,False,False,False,True,1,True,0.9920237797226629
NOR,5,2026-03-08 04:09:24.932,0 days 01:08:18.309000,145.3661111111111,292.0,100.0,False,1.0,81.11111111111111,0.0,-0.0,0.48,True,False,True,81.11111111111111,0.0,0.0,False,False,False,True,1,True,0.9917192253563492
NOR,5,2026-03-08 04:09:25.092,0 days 01:08:18.469000,158.47722222222222,295.0,27.0,False,0.27,81.11111111111111,0.0,-0.0,0.16,True,False,True,21.900000000000002,0.0,0.0,False,False,False,True,1,True,0.9916918154633809
NOR,5,2026-03-08 04:09:25.293,0 days 01:08:18.670000,174.72472222222223,291.0,0.0,False,0.0,80.83333333333333,-1.3819789939193317,1.3819789939193317,0.201,True,False,True,0.0,0.0,111.70996867514597,False,False,False,True,1,True,0.9916918154633809
NOR,5,2026-03-08 04:09:25.693,0 days 01:08:19.070000,206.05805555555554,282.0,0.0,False,0.0,78.33333333333333,-6.25,6.25,0.4,True,False,True,0.0,0.0,489.5833333333333,False,False,False,True,1,True,0.9916918154633809
NOR,5,2026-03-08 04:09:25.853,0 days 01:08:19.230000,218.59138888888887,282.0,0.0,False,0.0,78.33333333333333,0.0,-0.0,0.16,True,False,True,0.0,0.0,0.0,False,False,False,True,1,True,0.9916918154633809
NOR,5,2026-03-08 04:09:26.173,0 days 01:08:19.550000,243.0358333333333,275.0,0.0,True,0.0,76.38888888888889,-6.076388888888884,6.076388888888884,0.32,True,False,True,0.0,464.16859567901196,0.0,True,False,False,True,1,True,0.9922398362835791
NOR,5,2026-03-08 04:09:26.413,0 days 01:08:19.790000,260.10249999999996,256.0,0.0,True,0.0,71.11111111111111,-20.0,20.0,0.24,True,False,True,0.0,1383.3333333333335,0.0,True,False,False,True,1,True,0.9934647610334406
NOR,5,2026-03-08 04:09:26.653,0 days 01:08:20.030000,275.9024999999999,237.0,0.0,True,0.0,65.83333333333333,-20.0,20.0,0.24,True,False,True,0.0,1316.6666666666665,0.0,True,False,False,True,1,True,0.9946306532652365
NOR,5,2026-03-08 04:09:26.893,0 days 01:08:20.270000,290.03583333333324,212.0,0.0,True,0.0,58.888888888888886,-20.0,20.0,0.24,True,False,True,0.0,1177.7777777777778,0.0,True,False,False,True,1,True,0.9956735610843956
NOR,5,2026-03-08 04:09:27.093,0 days 01:08:20.470000,301.813611111111,212.0,0.0,True,0.0,58.888888888888886,0.0,-0.0,0.2,True,False,True,0.0,0.0,0.0,False,False,False,True,1,True,0.9956735610843956
NOR,5,2026-03-08 04:09:27.293,0 days 01:08:20.670000,312.14694444444433,186.0,0.0,True,0.0,51.666666666666664,-20.0,20.0,0.2,True,False,True,0.0,1033.3333333333333,0.0,True,False,False,True,1,True,0.9964360644427431
NOR,5,2026-03-08 04:09:27.533,0 days 01:08:20.910000,323.613611111111,172.0,0.0,True,0.0,47.77777777777778,-16.20370370370369,16.20370370370369,0.24,True,False,True,0.0,774.1769547325098,0.0,True,False,False,True,1,True,0.9971215886687366
NOR,5,2026-03-08 04:09:27.693,0 days 01:08:21.070000,331.03583333333324,167.0,0.0,True,0.0,46.388888888888886,-8.68055555555558,8.68055555555558,0.16,True,False,True,0.0,402.68132716049496,0.0,True,False,False,True,1,True,0.9973593015959394
NOR,5,2026-03-08 04:09:28.013,0 days 01:08:21.390000,345.613611111111,164.0,0.0,True,0.0,45.55555555555556,-2.604166666666652,2.604166666666652,0.32,True,False,True,0.0,118.63425925925858,0.0,True,False,False,True,1,True,0.9974993671769979
NOR,5,2026-03-08 04:09:28.213,0 days 01:08:21.590000,354.72472222222217,164.0,0.0,False,0.0,45.55555555555556,0.0,-0.0,0.2,True,False,True,0.0,0.0,0.0,False,False,False,True,1,True,0.9974993671769979
NOR,5,2026-03-08 04:09:28.413,0 days 01:08:21.790000,363.44694444444434,157.0,0.0,False,0.0,43.61111111111111,-9.72222222222225,9.72222222222225,0.2,True,False,True,0.0,0.0,423.9969135802481,False,False,False,True,1,True,0.9974993671769979
NOR,5,2026-03-08 04:09:28.733,0 days 01:08:22.110000,376.7802777777777,150.0,7.0,False,0.07,43.61111111111111,0.0,-0.0,0.32,True,False,True,3.0527777777777776,0.0,0.0,False,False,False,True,1,True,0.9974917255046559
NOR,5,2026-03-08 04:09:29.773,0 days 01:08:23.150000,428.20249999999993,178.0,85.0,False,0.85,49.44444444444444,,,1.04,False,True,True,42.02777777777778,0.0,0.0,False,False,False,True,1,True,0.9974917255046559
NOR,5,2026-03-08 04:09:29.973,0 days 01:08:23.350000,438.09138888888884,178.0,74.0,False,0.74,49.44444444444444,0.0,-0.0,0.2,True,False,True,36.58888888888889,0.0,0.0,False,False,False,True,1,True,0.9974344824950514
NOR,5,2026-03-08 04:09:30.132,0 days 01:08:23.509000,446.3063888888888,186.0,64.0,False,0.64,51.666666666666664,13.976240391334725,0.0,0.159,True,False,True,33.06666666666666,0.0,0.0,False,False,False,True,1,True,0.9973933551396662
NOR,5,2026-03-08 04:09:30.332,0 days 01:08:23.709000,456.91749999999996,191.0,76.0,False,0.76,53.05555555555556,6.944444444444464,0.0,0.2,True,False,True,40.32222222222222,0.0,0.0,False,False,False,True,1,True,0.9973302713613926
NOR,5,2026-03-08 04:09:30.652,0 days 01:08:24.029000,474.7841666666666,201.0,100.0,False,1.0,55.83333333333333,8.680555555555536,0.0,0.32,True,False,True,55.83333333333333,0.0,0.0,False,False,False,True,1,True,0.9971905101110979
NOR,5,2026-03-08 04:09:30.892,0 days 01:08:24.269000,488.5174999999999,206.0,100.0,False,1.0,57.22222222222222,5.787037037037054,0.0,0.24,True,False,True,57.22222222222222,0.0,0.0,False,False,False,True,1,True,0.997083081687364
NOR,5,2026-03-08 04:09:31.092,0 days 01:08:24.469000,500.23972222222216,211.0,100.0,False,1.0,58.61111111111111,6.944444444444429,0.0,0.2,True,False,True,58.61111111111111,0.0,0.0,False,False,False,True,1,True,0.9969913850959082
NOR,5,2026-03-08 04:09:31.292,0 days 01:08:24.669000,512.3508333333332,218.0,100.0,False,1.0,60.55555555555556,9.72222222222225,0.0,0.2,True,False,True,60.55555555555556,0.0,0.0,False,False,False,True,1,True,0.9968966464374374
NOR,5,2026-03-08 04:09:31.652,0 days 01:08:25.029000,534.5508333333332,222.0,100.0,False,1.0,61.666666666666664,3.086419753086409,0.0,0.36,True,False,True,61.666666666666664,0.0,0.0,False,False,False,True,1,True,0.9967229878689743
NOR,5,2026-03-08 04:09:31.813,0 days 01:08:25.190000,544.7474999999998,228.0,100.0,False,1.0,63.33333333333333,10.351966873705988,0.0,0.161,True,False,True,63.33333333333333,0.0,0.0,False,False,False,True,1,True,0.9966432248718379
NOR,5,2026-03-08 04:09:31.973,0 days 01:08:25.350000,554.8808333333332,228.0,100.0,False,1.0,63.33333333333333,0.0,-0.0,0.16,True,False,True,63.33333333333333,0.0,0.0,False,False,False,True,1,True,0.996563957297044
NOR,5,2026-03-08 04:09:32.333,0 days 01:08:25.710000,578.3808333333332,235.0,100.0,False,1.0,65.27777777777777,5.401234567901231,0.0,0.36,True,False,True,65.27777777777777,0.0,0.0,False,False,False,True,1,True,0.9963801295331303
NOR,5,2026-03-08 04:09:32.693,0 days 01:08:26.070000,602.5808333333332,242.0,100.0,False,1.0,67.22222222222221,5.401234567901231,0.0,0.36,True,False,True,67.22222222222221,0.0,0.0,False,False,False,True,1,True,0.9961908260485894
NOR,5,2026-03-08 04:09:32.853,0 days 01:08:26.230000,613.469722222222,245.0,100.0,False,1.0,68.05555555555556,5.2083333333333925,0.0,0.16,True,False,True,68.05555555555556,0.0,0.0,False,False,False,True,1,True,0.9961056481721661
NOR,5,2026-03-08 04:09:33.013,0 days 01:08:26.390000,624.4030555555554,246.0,100.0,False,1.0,68.33333333333333,1.7361111111110716,0.0,0.16,True,False,True,68.33333333333333,0.0,0.0,False,False,False,True,1,True,0.996020122630941
NOR,5,2026-03-08 04:09:33.293,0 days 01:08:26.670000,644.158611111111,254.0,100.0,False,1.0,70.55555555555556,7.936507936507958,0.0,0.28,True,False,True,70.55555555555556,0.0,0.0,False,False,False,True,1,True,0.9958655856265729
NOR,5,2026-03-08 04:09:33.533,0 days 01:08:26.910000,661.358611111111,258.0,100.0,False,1.0,71.66666666666667,4.629629629629643,0.0,0.24,True,False,True,71.66666666666667,0.0,0.0,False,False,False,True,1,True,0.9957310393483042
NOR,5,2026-03-08 04:09:33.813,0 days 01:08:27.190000,681.8141666666666,263.0,100.0,False,1.0,73.05555555555556,4.960317460317449,0.0,0.28,True,False,True,73.05555555555556,0.0,0.0,False,False,False,True,1,True,0.9955710266233089
NOR,5,2026-03-08 04:09:34.013,0 days 01:08:27.390000,696.5363888888887,265.0,100.0,False,1.0,73.61111111111111,2.7777777777777857,0.0,0.2,True,False,True,73.61111111111111,0.0,0.0,False,False,False,True,1,True,0.9954558626577364
NOR,5,2026-03-08 04:09:34.373,0 days 01:08:27.750000,723.4363888888888,269.0,100.0,False,1.0,74.72222222222221,3.086419753086389,0.0,0.36,True,False,True,74.72222222222221,0.0,0.0,False,False,False,True,1,True,0.9952454385364906
NOR,5,2026-03-08 04:09:34.693,0 days 01:08:28.070000,747.7919444444444,274.0,100.0,False,1.0,76.11111111111111,4.340277777777812,0.0,0.32,True,False,True,76.11111111111111,0.0,0.0,False,False,False,True,1,True,0.9950549182251437
NOR,5,2026-03-08 04:09:35.053,0 days 01:08:28.430000,775.3919444444443,276.0,100.0,False,1.0,76.66666666666667,1.5432098765432143,0.0,0.36,True,False,True,76.66666666666667,0.0,0.0,False,False,False,True,1,True,0.9948390183832706
NOR,5,2026-03-08 04:09:35.293,0 days 01:08:28.670000,793.9252777777776,278.0,100.0,False,1.0,77.22222222222221,2.3148148148147625,0.0,0.24,True,False,True,77.22222222222221,0.0,0.0,False,False,False,True,1,True,0.99469404216095
NOR,5,2026-03-08 04:09:35.533,0 days 01:08:28.910000,812.658611111111,281.0,100.0,False,1.0,78.05555555555556,3.472222222222262,0.0,0.24,True,False,True,78.05555555555556,0.0,0.0,False,False,False,True,1,True,0.9945475014470216
NOR,5,2026-03-08 04:09:35.893,0 days 01:08:29.270000,840.9586111111109,283.0,100.0,False,1.0,78.61111111111111,1.5432098765432143,0.0,0.36,True,False,True,78.61111111111111,0.0,0.0,False,False,False,True,1,True,0.9943261258845214
NOR,5,2026-03-08 04:09:36.133,0 days 01:08:29.510000,859.8919444444443,284.0,100.0,False,1.0,78.88888888888889,1.1574074074073812,0.0,0.24,True,False,True,78.88888888888889,0.0,0.0,False,False,False,True,1,True,0.9941780206789853
NOR,5,2026-03-08 04:09:36.413,0 days 01:08:29.790000,881.9808333333332,284.0,0.0,False,0.0,78.88888888888889,0.0,-0.0,0.28,True,False,True,0.0,0.0,0.0,False,False,False,True,1,True,0.9941780206789853
NOR,5,2026-03-08 04:09:36.852,0 days 01:08:30.229000,915.7594444444443,277.0,0.0,False,0.0,76.94444444444444,-4.429258415590986,4.429258415590986,0.439,True,False,True,0.0,0.0,340.8068280885287,False,False,False,True,1,True,0.9941780206789853
NOR,5,2026-03-08 04:09:37.172,0 days 01:08:30.549000,939.6705555555554,269.0,0.0,False,0.0,74.72222222222221,-6.944444444444464,6.944444444444464,0.32,True,False,True,0.0,0.0,518.9043209876558,False,False,False,True,1,True,0.9941780206789853
NOR,5,2026-03-08 04:09:37.372,0 days 01:08:30.749000,954.5038888888887,267.0,0.0,False,0.0,74.16666666666667,-2.7777777777777146,2.7777777777777146,0.2,True,False,True,0.0,0.0,206.01851851851384,False,False,False,True,1,True,0.9941780206789853
NOR,5,2026-03-08 04:09:37.612,0 days 01:08:30.989000,970.1705555555553,235.0,0.0,True,0.0,65.27777777777777,-20.0,20.0,0.24,True,False,True,0.0,1305.5555555555554,0.0,True,False,False,True,1,True,0.9953340741577702
NOR,5,2026-03-08 04:09:37.812,0 days 01:08:31.189000,982.726111111111,226.0,0.0,True,0.0,62.77777777777778,-12.499999999999964,12.499999999999964,0.2,True,False,True,0.0,784.72222222222,0.0,True,False,False,True,1,True,0.995913125767268
NOR,5,2026-03-08 04:09:38.132,0 days 01:08:31.509000,1000.1483333333331,196.0,0.0,True,0.0,54.44444444444444,-20.0,20.0,0.32,True,False,True,0.0,1088.888888888889,0.0,True,False,False,True,1,True,0.9971987228273635
NOR,5,2026-03-08 04:09:38.373,0 days 01:08:31.750000,1012.6669444444443,187.0,0.0,True,0.0,51.94444444444444,-10.37344398340249,10.37344398340249,0.241,True,False,True,0.0,538.8427846934071,0.0,True,False,False,True,1,True,0.997677849601594
NOR,5,2026-03-08 04:09:38.773,0 days 01:08:32.150000,1029.555833333333,152.0,0.0,True,0.0,42.22222222222222,-20.0,20.0,0.4,True,False,True,0.0,844.4444444444445,0.0,True,False,False,True,1,True,0.9989240916496458
NOR,5,2026-03-08 04:09:39.053,0 days 01:08:32.430000,1040.444722222222,140.0,0.0,True,0.0,38.888888888888886,-11.904761904761912,11.904761904761912,0.28,True,False,True,0.0,462.9629629629632,0.0,True,False,False,True,1,True,0.9994023643654552
NOR,5,2026-03-08 04:09:39.253,0 days 01:08:32.630000,1047.444722222222,126.0,0.0,True,0.0,35.0,-19.44444444444443,19.44444444444443,0.2,True,False,True,0.0,680.555555555555,0.0,True,False,False,True,1,True,0.999904550717055
NOR,5,2026-03-08 04:09:39.453,0 days 01:08:32.830000,1054.2780555555553,123.0,0.0,True,0.0,34.166666666666664,-4.1666666666666785,4.1666666666666785,0.2,True,False,True,0.0,142.3611111111115,0.0,True,False,False,True,1,True,1.0
NOR,5,2026-03-08 04:09:39.733,0 days 01:08:33.110000,1063.0669444444443,113.0,0.0,True,0.0,31.38888888888889,-9.92063492063491,9.92063492063491,0.28,True,False,True,0.0,311.3977072310402,0.0,True,False,False,True,1,True,1.0
NOR,5,2026-03-08 04:09:40.013,0 days 01:08:33.390000,1071.4669444444442,108.0,0.0,True,0.0,30.0,-4.960317460317461,4.960317460317461,0.28,True,False,True,0.0,148.80952380952385,0.0,True,False,False,True,1,True,1.0
NOR,5,2026-03-08 04:09:40.293,0 days 01:08:33.670000,1079.4780555555553,103.0,0.0,True,0.0,28.61111111111111,-4.960317460317461,4.960317460317461,0.28,True,False,True,0.0,141.92019400352737,0.0,True,False,False,True,1,True,1.0
NOR,5,2026-03-08 04:09:40.533,0 days 01:08:33.910000,1086.2780555555553,102.0,0.0,True,0.0,28.333333333333332,-1.1574074074074108,1.1574074074074108,0.24,True,False,True,0.0,32.7932098765433,0.0,True,False,False,True,1,True,1.0
NOR,5,2026-03-08 04:09:40.733,0 days 01:08:34.110000,1091.6669444444442,97.0,0.0,False,0.0,26.944444444444443,-6.944444444444446,6.944444444444446,0.2,True,False,True,0.0,0.0,187.11419753086423,False,False,False,True,1,True,1.0
NOR,5,2026-03-08 04:09:41.013,0 days 01:08:34.390000,1098.9780555555553,94.0,0.0,False,0.0,26.11111111111111,-2.976190476190472,2.976190476190472,0.28,True,False,True,0.0,0.0,77.7116402116401,False,False,False,True,1,True,1.0
NOR,5,2026-03-08 04:09:41.453,0 days 01:08:34.830000,1110.1002777777776,91.0,22.0,False,0.22,26.11111111111111,0.0,-0.0,0.44,True,False,True,5.7444444444444445,0.0,0.0,False,False,False,True,1,True,0.9999802283027257
NOR,5,2026-03-08 04:09:41.733,0 days 01:08:35.110000,1117.644722222222,97.0,35.0,False,0.35,26.944444444444443,2.976190476190472,0.0,0.28,True,False,True,9.430555555555554,0.0,0.0,False,False,False,True,1,True,0.9999595726676931
NOR,5,2026-03-08 04:09:42.013,0 days 01:08:35.390000,1125.5002777777775,101.0,46.0,False,0.46,28.055555555555554,3.9682539682539666,0.0,0.28,True,False,True,12.905555555555555,0.0,0.0,False,False,False,True,1,True,0.9999313057809885
NOR,5,2026-03-08 04:09:42.293,0 days 01:08:35.670000,1133.6669444444442,105.0,52.0,False,0.52,29.166666666666664,3.9682539682539666,0.0,0.28,True,False,True,15.166666666666666,0.0,0.0,False,False,False,True,1,True,0.9998980864091834
NOR,5,2026-03-08 04:09:42.653,0 days 01:08:36.030000,1145.5669444444443,119.0,67.0,False,0.67,33.05555555555556,10.80246913580248,0.0,0.36,True,False,True,22.147222222222226,0.0,0.0,False,False,False,True,1,True,0.9998357179512395
NOR,5,2026-03-08 04:09:42.853,0 days 01:08:36.230000,1152.5669444444443,126.0,72.0,False,0.72,35.0,9.722222222222214,0.0,0.2,True,False,True,25.2,0.0,0.0,False,False,False,True,1,True,0.9997962927627235
NOR,5,2026-03-08 04:09:43.013,0 days 01:08:36.390000,1158.6113888888888,136.0,77.0,False,0.77,37.77777777777778,15.0,0.0,0.16,True,False,True,29.08888888888889,0.0,0.0,False,False,False,True,1,True,0.9997598853046866
NOR,5,2026-03-08 04:09:43.293,0 days 01:08:36.670000,1170.2780555555555,150.0,47.0,False,0.47,41.388888888888886,12.896825396825381,0.0,0.28,True,False,True,19.452777777777776,0.0,0.0,False,False,False,True,1,True,0.9997172781140728
NOR,5,2026-03-08 04:09:43.532,0 days 01:08:36.909000,1180.17,149.0,0.0,False,0.0,41.388888888888886,0.0,-0.0,0.239,True,False,True,0.0,0.0,0.0,False,False,False,True,1,True,0.9997172781140728
NOR,5,2026-03-08 04:09:43.772,0 days 01:08:37.149000,1190.0366666666666,148.0,0.0,False,0.0,41.11111111111111,-1.1574074074074108,1.1574074074074108,0.24,True,False,True,0.0,0.0,47.582304526749105,False,False,False,True,1,True,0.9997172781140728
NOR,5,2026-03-08 04:09:44.212,0 days 01:08:37.589000,1207.5144444444445,143.0,0.0,False,0.0,39.72222222222222,-3.1565656565656495,3.1565656565656495,0.44,True,False,True,0.0,0.0,125.38580246913551,False,False,False,True,1,True,0.9997172781140728
NOR,5,2026-03-08 04:09:44.492,0 days 01:08:37.869000,1218.6366666666665,143.0,0.0,False,0.0,39.72222222222222,0.0,-0.0,0.28,True,False,True,0.0,0.0,0.0,False,False,False,True,1,True,0.9997172781140728
NOR,5,2026-03-08 04:09:44.732,0 days 01:08:38.109000,1227.7033333333334,136.0,27.0,False,0.27,38.333333333333336,-5.787037037037024,5.787037037037024,0.24,True,False,True,10.350000000000001,0.0,221.83641975308592,False,False,False,True,1,True,0.9996978471283042
NOR,5,2026-03-08 04:09:44.973,0 days 01:08:38.350000,1236.9416666666666,138.0,44.0,False,0.44,38.333333333333336,0.0,-0.0,0.241,True,False,True,16.866666666666667,0.0,0.0,False,False,False,True,1,True,0.9996660498793706
NOR,5,2026-03-08 04:09:45.293,0 days 01:08:38.670000,1249.9194444444445,146.0,50.0,False,0.5,40.55555555555556,6.944444444444442,0.0,0.32,True,False,True,20.27777777777778,0.0,0.0,False,False,False,True,1,True,0.9996152908183183
NOR,5,2026-03-08 04:09:45.493,0 days 01:08:38.870000,1258.1416666666667,148.0,67.0,False,0.67,41.11111111111111,2.77777777777775,0.0,0.2,True,False,True,27.544444444444444,0.0,0.0,False,False,False,True,1,True,0.9995721977661441
NOR,5,2026-03-08 04:09:45.733,0 days 01:08:39.110000,1268.6750000000002,158.0,71.0,False,0.71,43.888888888888886,11.574074074074078,0.0,0.24,True,False,True,31.161111111111108,0.0,0.0,False,False,False,True,1,True,0.9995136962099573
NOR,5,2026-03-08 04:09:45.933,0 days 01:08:39.310000,1278.063888888889,169.0,98.0,False,0.98,46.94444444444444,15.0,0.0,0.2,True,False,True,46.00555555555555,0.0,0.0,False,False,False,True,1,True,0.9994417209043795
NOR,5,2026-03-08 04:09:46.173,0 days 01:08:39.550000,1289.5972222222224,173.0,98.0,False,0.98,48.05555555555556,4.629629629629643,0.0,0.24,True,False,True,47.09444444444445,0.0,0.0,False,False,False,True,1,True,0.9993533062686522
NOR,5,2026-03-08 04:09:46.373,0 days 01:08:39.750000,1299.5416666666667,179.0,100.0,False,1.0,49.72222222222222,8.333333333333321,0.0,0.2,True,False,True,49.72222222222222,0.0,0.0,False,False,False,True,1,True,0.9992755162692655
NOR,5,2026-03-08 04:09:46.533,0 days 01:08:39.910000,1307.8527777777779,187.0,100.0,False,1.0,51.94444444444444,13.888888888888884,0.0,0.16,True,False,True,51.94444444444444,0.0,0.0,False,False,False,True,1,True,0.9992105029513424
NOR,5,2026-03-08 04:09:46.773,0 days 01:08:40.150000,1320.5194444444446,190.0,100.0,False,1.0,52.77777777777778,3.472222222222232,0.0,0.24,True,False,True,52.77777777777778,0.0,0.0,False,False,False,True,1,True,0.9991114184828499
NOR,5,2026-03-08 04:09:47.013,0 days 01:08:40.390000,1334.1194444444445,204.0,100.0,False,1.0,56.666666666666664,15.0,0.0,0.24,True,False,True,56.666666666666664,0.0,0.0,False,False,False,True,1,True,0.9990050330535212
NOR,5,2026-03-08 04:09:47.413,0 days 01:08:40.790000,1358.1194444444448,216.0,100.0,False,1.0,60.0,8.33333333333334,0.0,0.4,True,False,True,60.0,0.0,0.0,False,False,False,True,1,True,0.9988172940605881
NOR,5,2026-03-08 04:09:47.733,0 days 01:08:41.110000,1378.2083333333337,226.0,30.0,False,0.3,62.22222222222222,6.944444444444442,0.0,0.32,True,False,True,18.666666666666664,0.0,0.0,False,False,False,True,1,True,0.9987705679112359
NOR,5,2026-03-08 04:09:47.893,0 days 01:08:41.270000,1388.163888888889,224.0,0.0,False,0.0,62.22222222222222,0.0,-0.0,0.16,True,False,True,0.0,0.0,0.0,False,False,False,True,1,True,0.9987705679112359
NOR,5,2026-03-08 04:09:48.213,0 days 01:08:41.590000,1407.7194444444447,220.0,0.0,False,0.0,61.11111111111111,-3.472222222222232,3.472222222222232,0.32,True,False,True,0.0,0.0,212.19135802469194,False,False,False,True,1,True,0.9987705679112359
NOR,5,2026-03-08 04:09:48.373,0 days 01:08:41.750000,1417.3194444444446,216.0,3.0,False,0.03,60.0,-6.94444444444442,6.94444444444442,0.16,True,False,True,1.7999999999999998,0.0,416.6666666666652,False,False,False,True,1,True,0.9987683150433206
NOR,5,2026-03-08 04:09:48.613,0 days 01:08:41.990000,1431.652777777778,215.0,42.0,False,0.42,60.0,0.0,-0.0,0.24,True,False,True,25.2,0.0,0.0,False,False,False,True,1,True,0.9987210048171015
NOR,5,2026-03-08 04:09:48.813,0 days 01:08:42.190000,1443.652777777778,216.0,56.0,False,0.56,60.0,0.0,-0.0,0.2,True,False,True,33.6,0.0,0.0,False,False,False,True,1,True,0.9986684378990802
NOR,5,2026-03-08 04:09:49.053,0 days 01:08:42.430000,1458.1861111111114,218.0,84.0,False,0.84,60.55555555555556,2.3148148148148215,0.0,0.24,True,False,True,50.86666666666667,0.0,0.0,False,False,False,True,1,True,0.9985729413313416
NOR,5,2026-03-08 04:09:49.493,0 days 01:08:42.870000,1485.5638888888893,224.0,100.0,False,1.0,62.22222222222222,3.7878787878787823,0.0,0.44,True,False,True,62.22222222222222,0.0,0.0,False,False,False,True,1,True,0.9983587798134771
NOR,5,2026-03-08 04:09:49.853,0 days 01:08:43.230000,1508.1638888888892,226.0,100.0,False,1.0,62.77777777777778,1.5432098765432143,0.0,0.36,True,False,True,62.77777777777778,0.0,0.0,False,False,False,True,1,True,0.9981819922617984
NOR,5,2026-03-08 04:09:50.133,0 days 01:08:43.510000,1526.2861111111115,233.0,100.0,False,1.0,64.72222222222221,6.944444444444413,0.0,0.28,True,False,True,64.72222222222221,0.0,0.0,False,False,False,True,1,True,0.9980402319388938
NOR,5,2026-03-08 04:09:50.412,0 days 01:08:43.789000,1544.4986111111116,235.0,100.0,False,1.0,65.27777777777777,1.9912385503783407,0.0,0.279,True,False,True,65.27777777777777,0.0,0.0,False,False,False,True,1,True,0.9978977654218607
NOR,5,2026-03-08 04:09:50.772,0 days 01:08:44.149000,1568.5986111111115,241.0,100.0,False,1.0,66.94444444444444,4.629629629629643,0.0,0.36,True,False,True,66.94444444444444,0.0,0.0,False,False,False,True,1,True,0.9977092441831237
NOR,5,2026-03-08 04:09:51.092,0 days 01:08:44.469000,1590.731944444445,249.0,100.0,False,1.0,69.16666666666667,6.944444444444464,0.0,0.32,True,False,True,69.16666666666667,0.0,0.0,False,False,False,True,1,True,0.9975361071118631
NOR,5,2026-03-08 04:09:51.292,0 days 01:08:44.669000,1604.843055555556,254.0,100.0,False,1.0,70.55555555555556,6.944444444444429,0.0,0.2,True,False,True,70.55555555555556,0.0,0.0,False,False,False,True,1,True,0.9974257235373145
NOR,5,2026-03-08 04:09:51.693,0 days 01:08:45.070000,1633.3586111111115,256.0,100.0,False,1.0,71.11111111111111,1.3854253255749553,0.0,0.401,True,False,True,71.11111111111111,0.0,0.0,False,False,False,True,1,True,0.9972026618005259
NOR,5,2026-03-08 04:09:51.893,0 days 01:08:45.270000,1647.914166666667,262.0,100.0,False,1.0,72.77777777777777,8.333333333333286,0.0,0.2,True,False,True,72.77777777777777,0.0,0.0,False,False,False,True,1,True,0.99708880157796
NOR,5,2026-03-08 04:09:52.093,0 days 01:08:45.470000,1662.5808333333339,264.0,100.0,False,1.0,73.33333333333333,2.7777777777777857,0.0,0.2,True,False,True,73.33333333333333,0.0,0.0,False,False,False,True,1,True,0.9969740721933897
NOR,5,2026-03-08 04:09:52.413,0 days 01:08:45.790000,1686.3141666666672,267.0,11.0,False,0.11,73.61111111111111,0.8680555555555802,0.0,0.32,True,False,True,8.097222222222223,0.0,0.0,False,False,False,True,1,True,0.996953803335449
NOR,5,2026-03-08 04:09:52.613,0 days 01:08:45.990000,1701.0363888888894,265.0,0.0,False,0.0,73.61111111111111,0.0,-0.0,0.2,True,False,True,0.0,0.0,0.0,False,False,False,True,1,True,0.996953803335449
NOR,5,2026-03-08 04:09:52.893,0 days 01:08:46.270000,1721.4919444444447,263.0,100.0,False,1.0,73.05555555555556,-1.9841269841269895,1.9841269841269895,0.28,True,False,True,73.05555555555556,0.0,144.95149911816617,False,False,False,True,1,True,0.9967937906104537
NOR,5,2026-03-08 04:09:53.133,0 days 01:08:46.510000,1738.8252777777782,260.0,0.0,False,0.0,72.22222222222221,-3.472222222222262,3.472222222222262,0.24,True,False,True,0.0,0.0,250.77160493827444,False,False,False,True,1,True,0.9967937906104537
NOR,5,2026-03-08 04:09:53.373,0 days 01:08:46.750000,1756.1586111111114,260.0,0.0,False,0.0,72.22222222222221,0.0,-0.0,0.24,True,False,True,0.0,0.0,0.0,False,False,False,True,1,True,0.9967937906104537
NOR,5,2026-03-08 04:09:53.733,0 days 01:08:47.110000,1780.8586111111117,247.0,0.0,True,0.0,68.61111111111111,-10.030864197530834,10.030864197530834,0.36,True,False,True,0.0,688.2287379972545,0.0,True,False,False,True,1,True,0.9977079178071584
NOR,5,2026-03-08 04:09:53.973,0 days 01:08:47.350000,1796.5252777777782,235.0,0.0,True,0.0,65.27777777777777,-13.888888888888928,13.888888888888928,0.24,True,False,True,0.0,906.6358024691383,0.0,True,False,False,True,1,True,0.9985107327229813
NOR,5,2026-03-08 04:09:54.173,0 days 01:08:47.550000,1809.1919444444447,228.0,0.0,True,0.0,63.33333333333333,-9.722222222222214,9.722222222222214,0.2,True,False,True,0.0,615.7407407407402,0.0,True,False,False,True,1,True,0.9989650918030002
NOR,5,2026-03-08 04:09:54.373,0 days 01:08:47.750000,1821.136388888889,215.0,0.0,True,0.0,59.72222222222222,-18.055555555555536,18.055555555555536,0.2,True,False,True,0.0,1078.3179012345668,0.0,True,False,False,True,1,True,0.999760789565314
NOR,5,2026-03-08 04:09:54.693,0 days 01:08:48.070000,1838.2919444444447,193.0,0.0,True,0.0,53.61111111111111,-19.097222222222232,19.097222222222232,0.32,True,False,True,0.0,1023.8233024691363,0.0,True,False,False,True,1,True,1.0
NOR,5,2026-03-08 04:09:54.973,0 days 01:08:48.350000,1852.9919444444447,189.0,0.0,False,0.0,52.5,-3.9682539682539537,3.9682539682539537,0.28,True,False,True,0.0,0.0,208.33333333333258,False,False,False,True,1,True,1.0
NOR,5,2026-03-08 04:09:55.213,0 days 01:08:48.590000,1865.125277777778,182.0,29.0,False,0.29,51.388888888888886,-4.629629629629643,4.629629629629643,0.24,True,False,True,14.902777777777775,0.0,237.91152263374553,False,False,False,True,1,True,0.9999720216750809
NOR,5,2026-03-08 04:09:55.493,0 days 01:08:48.870000,1879.5141666666668,185.0,56.0,False,0.56,51.388888888888886,0.0,-0.0,0.28,True,False,True,28.77777777777778,0.0,0.0,False,False,False,True,1,True,0.9999089900465277
NOR,5,2026-03-08 04:09:55.653,0 days 01:08:49.030000,1887.7363888888892,185.0,59.0,False,0.59,51.388888888888886,0.0,-0.0,0.16,True,False,True,30.31944444444444,0.0,0.0,False,False,False,True,1,True,0.9998710424334191
NOR,5,2026-03-08 04:09:55.893,0 days 01:08:49.270000,1900.6030555555556,193.0,89.0,False,0.89,53.61111111111111,9.259259259259256,0.0,0.24,True,False,True,47.71388888888889,0.0,0.0,False,False,False,True,1,True,0.9997814648589298
NOR,5,2026-03-08 04:09:56.133,0 days 01:08:49.510000,1913.8697222222224,199.0,100.0,False,1.0,55.27777777777778,6.944444444444464,0.0,0.24,True,False,True,55.27777777777778,0.0,0.0,False,False,False,True,1,True,0.999677686915614
NOR,5,2026-03-08 04:09:56.333,0 days 01:08:49.710000,1925.314166666667,206.0,100.0,False,1.0,57.22222222222222,9.722222222222214,0.0,0.2,True,False,True,57.22222222222222,0.0,0.0,False,False,False,True,1,True,0.999588163229169
NOR,5,2026-03-08 04:09:56.493,0 days 01:08:49.870000,1934.6475,210.0,100.0,False,1.0,58.33333333333333,6.94444444444442,0.0,0.16,True,False,True,58.33333333333333,0.0,0.0,False,False,False,True,1,True,0.9995151536208061
NOR,5,2026-03-08 04:09:56.653,0 days 01:08:50.030000,1944.0697222222225,212.0,100.0,False,1.0,58.888888888888886,3.472222222222232,0.0,0.16,True,False,True,58.888888888888886,0.0,0.0,False,False,False,True,1,True,0.9994414486828398
NOR,5,2026-03-08 04:09:56.813,0 days 01:08:50.190000,1953.7586111111111,218.0,100.0,False,1.0,60.55555555555556,10.416666666666696,0.0,0.16,True,False,True,60.55555555555556,0.0,0.0,False,False,False,True,1,True,0.9993656577560631
NOR,5,2026-03-08 04:09:57.172,0 days 01:08:50.549000,1976.595,229.0,100.0,False,1.0,63.61111111111111,8.511296812132452,0.0,0.359,True,False,True,63.61111111111111,0.0,0.0,False,False,False,True,1,True,0.9991870210622202
NOR,5,2026-03-08 04:09:57.532,0 days 01:08:50.909000,2000.495,239.0,100.0,False,1.0,66.38888888888889,7.716049382716052,0.0,0.36,True,False,True,66.38888888888889,0.0,0.0,False,False,False,True,1,True,0.999000064315091
NOR,5,2026-03-08 04:09:57.812,0 days 01:08:51.189000,2019.6283333333333,246.0,100.0,False,1.0,68.33333333333333,6.944444444444438,0.0,0.28,True,False,True,68.33333333333333,0.0,0.0,False,False,False,True,1,True,0.9988503946179471
NOR,5,2026-03-08 04:09:57.972,0 days 01:08:51.349000,2030.5616666666665,246.0,100.0,False,1.0,68.33333333333333,0.0,-0.0,0.16,True,False,True,68.33333333333333,0.0,0.0,False,False,False,True,1,True,0.998764869076722
NOR,5,2026-03-08 04:09:58.333,0 days 01:08:51.710000,2056.1325,255.0,100.0,False,1.0,70.83333333333333,6.9252077562326875,0.0,0.361,True,False,True,70.83333333333333,0.0,0.0,False,False,False,True,1,True,0.9985648423059529
NOR,5,2026-03-08 04:09:58.573,0 days 01:08:51.950000,2073.3325,258.0,100.0,False,1.0,71.66666666666667,3.472222222222262,0.0,0.24,True,False,True,71.66666666666667,0.0,0.0,False,False,False,True,1,True,0.9984302960276842
NOR,5,2026-03-08 04:09:59.013,0 days 01:08:52.390000,2105.721388888889,265.0,100.0,False,1.0,73.61111111111111,4.419191919191916,0.0,0.44,True,False,True,73.61111111111111,0.0,0.0,False,False,False,True,1,True,0.9981769353034249
NOR,5,2026-03-08 04:09:59.373,0 days 01:08:52.750000,2132.621388888889,269.0,100.0,False,1.0,74.72222222222221,3.086419753086389,0.0,0.36,True,False,True,74.72222222222221,0.0,0.0,False,False,False,True,1,True,0.997966511182179
NOR,5,2026-03-08 04:09:59.613,0 days 01:08:52.990000,2150.6880555555554,271.0,100.0,False,1.0,75.27777777777777,2.3148148148148215,0.0,0.24,True,False,True,75.27777777777777,0.0,0.0,False,False,False,True,1,True,0.9978251854402767
NOR,5,2026-03-08 04:09:59.893,0 days 01:08:53.270000,2172.2325,277.0,100.0,False,1.0,76.94444444444444,5.9523809523809685,0.0,0.28,True,False,True,76.94444444444444,0.0,0.0,False,False,False,True,1,True,0.997656654927639
NOR,5,2026-03-08 04:10:00.173,0 days 01:08:53.550000,2193.9325000000003,279.0,100.0,False,1.0,76.94444444444444,0.0,-0.0,0.28,True,False,True,76.94444444444444,0.0,0.0,False,False,False,True,1,True,0.9974881244150013
NOR,5,2026-03-08 04:10:00.413,0 days 01:08:53.790000,2206.5325000000003,189.0,0.0,False,0.0,77.5,2.3148148148148215,0.0,0.24,True,False,True,0.0,0.0,0.0,False,False,False,True,1,True,0.9974881244150013
NOR,5,2026-03-08 04:10:00.573,0 days 01:08:53.950000,2219.021388888889,281.0,0.0,False,0.0,78.05555555555556,3.472222222222232,0.0,0.16,True,False,True,0.0,0.0,0.0,False,False,False,True,1,True,0.9974881244150013
NOR,5,2026-03-08 04:10:00.813,0 days 01:08:54.190000,2237.7547222222224,281.0,100.0,False,1.0,78.05555555555556,0.0,-0.0,0.24,True,False,True,78.05555555555556,0.0,0.0,False,False,False,True,1,True,0.997341583701073
NOR,5,2026-03-08 04:10:01.053,0 days 01:08:54.430000,2256.9547222222227,288.0,100.0,False,1.0,80.0,8.101851851851846,0.0,0.24,True,False,True,80.0,0.0,0.0,False,False,False,True,1,True,0.9971913925067265
NOR,5,2026-03-08 04:10:01.253,0 days 01:08:54.630000,2273.1769444444444,292.0,100.0,False,1.0,81.11111111111111,5.555555555555571,0.0,0.2,True,False,True,81.11111111111111,0.0,0.0,False,False,False,True,1,True,0.9970644948540958
NOR,5,2026-03-08 04:10:01.613,0 days 01:08:54.990000,2302.6769444444444,295.0,100.0,False,1.0,81.94444444444444,2.3148148148148016,0.0,0.36,True,False,True,81.94444444444444,0.0,0.0,False,False,False,True,1,True,0.9968337323419488
NOR,5,2026-03-08 04:10:01.853,0 days 01:08:55.230000,2322.543611111111,298.0,100.0,False,1.0,82.77777777777777,3.472222222222203,0.0,0.24,True,False,True,82.77777777777777,0.0,0.0,False,False,False,True,1,True,0.9966783261755764
NOR,5,2026-03-08 04:10:02.053,0 days 01:08:55.430000,2339.265833333334,301.0,100.0,False,1.0,83.61111111111111,4.166666666666714,0.0,0.2,True,False,True,83.61111111111111,0.0,0.0,False,False,False,True,1,True,0.9965475172939262
NOR,5,2026-03-08 04:10:02.293,0 days 01:08:55.670000,2359.599166666667,305.0,100.0,False,1.0,84.72222222222221,4.629629629629584,0.0,0.24,True,False,True,84.72222222222221,0.0,0.0,False,False,False,True,1,True,0.9963884606471357
NOR,5,2026-03-08 04:10:02.613,0 days 01:08:55.990000,2386.9769444444446,308.0,100.0,False,1.0,85.55555555555556,2.6041666666666963,0.0,0.32,True,False,True,85.55555555555556,0.0,0.0,False,False,False,True,1,True,0.9961742991292712
NOR,5,2026-03-08 04:10:02.853,0 days 01:08:56.230000,2407.710277777778,311.0,100.0,False,1.0,86.38888888888889,3.472222222222203,0.0,0.24,True,False,True,86.38888888888889,0.0,0.0,False,False,False,True,1,True,0.9960121134992651
NOR,5,2026-03-08 04:10:03.013,0 days 01:08:56.390000,2421.6213888888897,313.0,100.0,False,1.0,86.94444444444444,3.472222222222232,0.0,0.16,True,False,True,86.94444444444444,0.0,0.0,False,False,False,True,1,True,0.9959032944163243
NOR,5,2026-03-08 04:10:03.293,0 days 01:08:56.670000,2446.121388888889,315.0,100.0,False,1.0,87.5,1.9841269841269895,0.0,0.28,True,False,True,87.5,0.0,0.0,False,False,False,True,1,True,0.9957116441943717
NOR,5,2026-03-08 04:10:03.612,0 days 01:08:56.989000,2474.299722222223,318.0,100.0,False,1.0,88.33333333333333,2.61233019853708,0.0,0.319,True,False,True,88.33333333333333,0.0,0.0,False,False,False,True,1,True,0.9954912203642662
NOR,5,2026-03-08 04:10:03.932,0 days 01:08:57.309000,2502.6552777777783,319.0,100.0,False,1.0,88.33333333333333,0.0,-0.0,0.32,True,False,True,88.33333333333333,0.0,0.0,False,False,False,True,1,True,0.9952701055503672
NOR,5,2026-03-08 04:10:04.132,0 days 01:08:57.509000,2520.2663888888897,317.0,100.0,False,1.0,88.61111111111111,1.3888888888889284,0.0,0.2,True,False,True,88.61111111111111,0.0,0.0,False,False,False,True,1,True,0.9951314742106782
NOR,5,2026-03-08 04:10:04.412,0 days 01:08:57.789000,2545.3108333333334,322.0,100.0,False,1.0,89.44444444444444,2.976190476190459,0.0,0.28,True,False,True,89.44444444444444,0.0,0.0,False,False,False,True,1,True,0.9949355650949044
NOR,5,2026-03-08 04:10:04.652,0 days 01:08:58.029000,2566.910833333334,324.0,100.0,False,1.0,90.0,2.3148148148148215,0.0,0.24,True,False,True,90.0,0.0,0.0,False,False,False,True,1,True,0.9947666000012646
NOR,5,2026-03-08 04:10:04.893,0 days 01:08:58.270000,2588.600833333334,324.0,100.0,False,1.0,90.0,0.0,-0.0,0.241,True,False,True,90.0,0.0,0.0,False,False,False,True,1,True,0.9945969308864013
NOR,5,2026-03-08 04:10:05.053,0 days 01:08:58.430000,2603.0452777777787,325.0,100.0,False,1.0,90.27777777777777,1.7361111111110716,0.0,0.16,True,False,True,90.27777777777777,0.0,0.0,False,False,False,True,1,True,0.9944839398258397
NOR,5,2026-03-08 04:10:05.333,0 days 01:08:58.710000,2628.478611111112,327.0,100.0,False,1.0,90.83333333333333,1.9841269841269895,0.0,0.28,True,False,True,90.27777777777777,0.0,0.0,False,False,False,True,1,True,0.9942862054698569
NOR,5,2026-03-08 04:10:05.693,0 days 01:08:59.070000,2661.278611111112,328.0,100.0,False,1.0,91.11111111111111,0.7716049382716269,0.0,0.36,True,False,True,90.27777777777777,0.0,0.0,False,False,False,True,1,True,0.9940319755835934
NOR,5,2026-03-08 04:10:05.933,0 days 01:08:59.310000,2683.2119444444447,329.0,100.0,False,1.0,91.38888888888889,1.1574074074073812,0.0,0.24,True,False,True,90.27777777777777,0.0,0.0,False,False,False,True,1,True,0.993862488992751
NOR,5,2026-03-08 04:10:06.413,0 days 01:08:59.790000,2727.078611111112,329.0,100.0,False,1.0,91.38888888888889,0.0,-0.0,0.48,True,False,True,90.27777777777777,0.0,0.0,False,False,False,True,1,True,0.9935235158110662
NOR,5,2026-03-08 04:10:06.573,0 days 01:08:59.950000,2741.6563888888895,328.0,100.0,False,1.0,91.38888888888889,0.0,-0.0,0.16,True,False,True,90.27777777777777,0.0,0.0,False,False,False,True,1,True,0.9934105247505046
NOR,5,2026-03-08 04:10:06.773,0 days 01:09:00.150000,2759.9341666666674,329.0,100.0,False,1.0,91.38888888888889,0.0,-0.0,0.2,True,False,True,90.27777777777777,0.0,0.0,False,False,False,True,1,True,0.9932692859248027
NOR,5,2026-03-08 04:10:06.933,0 days 01:09:00.310000,2774.556388888889,329.0,100.0,False,1.0,91.38888888888889,0.0,-0.0,0.16,True,False,True,90.27777777777777,0.0,0.0,False,False,False,True,1,True,0.9931562948642411
NOR,5,2026-03-08 04:10:07.253,0 days 01:09:00.630000,2803.7119444444447,328.0,100.0,False,1.0,91.11111111111111,-0.8680555555555358,0.8680555555555358,0.32,True,False,True,90.27777777777777,0.0,79.08950617283772,False,False,False,True,1,True,0.9929303127431179
NOR,5,2026-03-08 04:10:07.453,0 days 01:09:00.830000,2821.9341666666674,328.0,100.0,False,1.0,91.11111111111111,0.0,-0.0,0.2,True,False,True,90.27777777777777,0.0,0.0,False,False,False,True,1,True,0.992789073917416
NOR,5,2026-03-08 04:10:07.773,0 days 01:09:01.150000,2851.000833333334,327.0,100.0,False,1.0,90.83333333333333,-0.8680555555555802,0.8680555555555802,0.32,True,False,True,90.27777777777777,0.0,78.84837962963186,False,False,False,True,1,True,0.9925630917962929
NOR,5,2026-03-08 04:10:07.973,0 days 01:09:01.350000,2869.1675,327.0,100.0,False,1.0,90.83333333333333,0.0,-0.0,0.2,True,False,True,90.27777777777777,0.0,0.0,False,False,False,True,1,True,0.9924218529705909
NOR,5,2026-03-08 04:10:08.253,0 days 01:09:01.630000,2894.523055555556,326.0,100.0,False,1.0,90.55555555555556,-0.9920634920634694,0.9920634920634694,0.28,True,False,True,90.27777777777777,0.0,89.83686067019195,False,False,False,True,1,True,0.9922241186146081
NOR,5,2026-03-08 04:10:08.413,0 days 01:09:01.790000,2909.011944444445,326.0,100.0,False,1.0,90.55555555555556,0.0,-0.0,0.16,True,False,True,90.27777777777777,0.0,0.0,False,False,False,True,1,True,0.9921111275540465
NOR,5,2026-03-08 04:10:08.573,0 days 01:09:01.950000,2923.4563888888893,325.0,100.0,False,1.0,90.27777777777777,-1.7361111111111605,1.7361111111111605,0.16,True,False,True,90.27777777777777,0.0,156.7322530864242,False,False,False,True,1,True,0.9919981364934849
NOR,5,2026-03-08 04:10:08.853,0 days 01:09:02.230000,2948.6563888888895,324.0,100.0,False,1.0,90.0,-0.9920634920634694,0.9920634920634694,0.28,True,False,True,90.0,0.0,89.28571428571225,False,False,False,True,1,True,0.9918010105509052
NOR,5,2026-03-08 04:10:09.133,0 days 01:09:02.510000,2973.623055555556,321.0,100.0,False,1.0,89.16666666666667,-2.976190476190459,2.976190476190459,0.28,True,False,True,89.16666666666667,0.0,265.3769841269826,False,False,False,True,1,True,0.9916057098485345
NOR,5,2026-03-08 04:10:09.533,0 days 01:09:02.910000,3008.9563888888893,318.0,100.0,False,1.0,88.33333333333333,-2.083333333333357,2.083333333333357,0.4,True,False,True,88.33333333333333,0.0,184.02777777777985,False,False,False,True,1,True,0.9913293163311607
NOR,5,2026-03-08 04:10:09.733,0 days 01:09:03.110000,3026.511944444445,316.0,100.0,False,1.0,87.77777777777777,-2.7777777777777857,2.7777777777777857,0.2,True,False,True,87.77777777777777,0.0,243.82716049382785,False,False,False,True,1,True,0.9911919887344782
NOR,5,2026-03-08 04:10:10.133,0 days 01:09:03.510000,3060.845277777778,309.0,1.0,False,0.01,85.83333333333333,-4.861111111111107,4.861111111111107,0.4,True,False,True,0.8583333333333333,0.0,417.24537037037,False,False,False,True,1,True,0.9911893030238849
NOR,5,2026-03-08 04:10:10.812,0 days 01:09:04.189000,3116.8627777777783,297.0,0.0,False,0.0,82.5,-4.909180166912118,4.909180166912118,0.679,True,False,True,0.0,0.0,405.00736377024975,False,False,False,True,1,True,0.9911893030238849
NOR,5,2026-03-08 04:10:10.972,0 days 01:09:04.349000,3129.929444444445,294.0,0.0,False,0.0,81.66666666666667,-5.208333333333304,5.208333333333304,0.16,True,False,True,0.0,0.0,425.34722222221984,False,False,False,True,1,True,0.9911893030238849
NOR,5,2026-03-08 04:10:11.132,0 days 01:09:04.509000,3142.818333333334,290.0,0.0,False,0.0,80.55555555555556,-6.944444444444464,6.944444444444464,0.16,True,False,True,0.0,0.0,559.4135802469152,False,False,False,True,1,True,0.9911893030238849
NOR,5,2026-03-08 04:10:11.293,0 days 01:09:04.670000,3155.4747222222227,283.0,0.0,False,0.0,78.61111111111111,-12.077294685990328,12.077294685990328,0.161,True,False,True,0.0,0.0,949.4095544820175,False,False,False,True,1,True,0.9911893030238849
NOR,5,2026-03-08 04:10:11.573,0 days 01:09:04.950000,3177.096944444445,278.0,0.0,True,0.0,77.22222222222221,-4.9603174603174995,4.9603174603174995,0.28,True,False,True,0.0,383.04673721340686,0.0,True,False,False,True,1,True,0.991585016758989
NOR,5,2026-03-08 04:10:11.893,0 days 01:09:05.270000,3198.9636111111117,246.0,0.0,True,0.0,68.33333333333333,-20.0,20.0,0.32,True,False,True,0.0,1366.6666666666665,0.0,True,False,False,True,1,True,0.9931985722527824
NOR,5,2026-03-08 04:10:12.053,0 days 01:09:05.430000,3209.896944444445,246.0,0.0,True,0.0,68.33333333333333,0.0,-0.0,0.16,True,False,True,0.0,0.0,0.0,False,False,False,True,1,True,0.9931985722527824
NOR,5,2026-03-08 04:10:12.253,0 days 01:09:05.630000,3222.6191666666673,229.0,0.0,True,0.0,63.61111111111111,-20.0,20.0,0.2,True,False,True,0.0,1272.2222222222222,0.0,True,False,False,True,1,True,0.9941373532692425
NOR,5,2026-03-08 04:10:12.493,0 days 01:09:05.870000,3237.2858333333343,220.0,0.0,True,0.0,61.11111111111111,-10.416666666666668,10.416666666666668,0.24,True,False,True,0.0,636.5740740740741,0.0,True,False,False,True,1,True,0.9947010318271606
NOR,5,2026-03-08 04:10:12.813,0 days 01:09:06.190000,3256.3969444444456,215.0,0.0,False,0.0,59.72222222222222,-4.340277777777768,4.340277777777768,0.32,True,False,True,0.0,0.0,259.2110339506167,False,False,False,True,1,True,0.9947010318271606
NOR,5,2026-03-08 04:10:13.013,0 days 01:09:06.390000,3267.8969444444456,207.0,0.0,False,0.0,57.5,-11.111111111111107,11.111111111111107,0.2,True,False,True,0.0,0.0,638.8888888888887,False,False,False,True,1,True,0.9947010318271606
NOR,5,2026-03-08 04:10:13.173,0 days 01:09:06.550000,3276.9191666666675,203.0,0.0,False,0.0,56.388888888888886,-6.944444444444464,6.944444444444464,0.16,True,False,True,0.0,0.0,391.5895061728406,False,False,False,True,1,True,0.9947010318271606
NOR,5,2026-03-08 04:10:13.413,0 days 01:09:06.790000,3290.1858333333344,199.0,1.0,False,0.01,55.27777777777778,-4.629629629629614,4.629629629629614,0.24,True,False,True,0.5527777777777778,0.0,255.91563786008143,False,False,False,True,1,True,0.9946999940477275
NOR,5,2026-03-08 04:10:13.733,0 days 01:09:07.110000,3307.430277777779,194.0,0.0,False,0.0,53.888888888888886,-4.34027777777779,4.34027777777779,0.32,True,False,True,0.0,0.0,233.8927469135809,False,False,False,True,1,True,0.9946999940477275
NOR,5,2026-03-08 04:10:13.973,0 days 01:09:07.350000,3320.0969444444454,190.0,0.0,False,0.0,52.77777777777778,-4.629629629629614,4.629629629629614,0.24,True,False,True,0.0,0.0,244.34156378600738,False,False,False,True,1,True,0.9946999940477275
NOR,5,2026-03-08 04:10:14.293,0 days 01:09:07.670000,3336.5413888888897,185.0,0.0,False,0.0,51.388888888888886,-4.34027777777779,4.34027777777779,0.32,True,False,True,0.0,0.0,223.04205246913642,False,False,False,True,1,True,0.9946999940477275
NOR,5,2026-03-08 04:10:14.453,0 days 01:09:07.830000,3344.7636111111124,185.0,0.0,False,0.0,51.388888888888886,0.0,-0.0,0.16,True,False,True,0.0,0.0,0.0,False,False,False,True,1,True,0.9946999940477275
NOR,5,2026-03-08 04:10:14.733,0 days 01:09:08.110000,3359.308055555557,187.0,58.0,False,0.58,51.94444444444444,1.9841269841269895,0.0,0.28,True,False,True,30.127777777777776,0.0,0.0,False,False,False,True,1,True,0.9946340055300354
NOR,5,2026-03-08 04:10:14.973,0 days 01:09:08.350000,3372.04138888889,191.0,60.0,False,0.6,53.05555555555556,4.629629629629643,0.0,0.24,True,False,True,31.833333333333332,0.0,0.0,False,False,False,True,1,True,0.9945742419506184
NOR,5,2026-03-08 04:10:15.293,0 days 01:09:08.670000,3389.730277777779,199.0,97.0,False,0.97,55.27777777777778,6.944444444444442,0.0,0.32,True,False,True,53.61944444444445,0.0,0.0,False,False,False,True,1,True,0.9944400224772633
NOR,5,2026-03-08 04:10:15.493,0 days 01:09:08.870000,3400.7858333333347,199.0,100.0,False,1.0,55.27777777777778,0.0,-0.0,0.2,True,False,True,55.27777777777778,0.0,0.0,False,False,False,True,1,True,0.9943535408578335
NOR,5,2026-03-08 04:10:15.653,0 days 01:09:09.030000,3409.896944444446,205.0,100.0,False,1.0,56.94444444444444,10.416666666666652,0.0,0.16,True,False,True,56.94444444444444,0.0,0.0,False,False,False,True,1,True,0.9942822695734792
NOR,5,2026-03-08 04:10:15.933,0 days 01:09:09.310000,3426.3080555555566,211.0,100.0,False,1.0,58.61111111111111,5.952380952380944,0.0,0.28,True,False,True,58.61111111111111,0.0,0.0,False,False,False,True,1,True,0.9941538943454411
NOR,5,2026-03-08 04:10:16.333,0 days 01:09:09.710000,3450.419166666668,217.0,100.0,False,1.0,60.27777777777778,4.1666666666666785,0.0,0.4,True,False,True,60.27777777777778,0.0,0.0,False,False,False,True,1,True,0.9939652861905037
NOR,5,2026-03-08 04:10:16.533,0 days 01:09:09.910000,3462.6969444444453,221.0,100.0,False,1.0,61.388888888888886,5.555555555555536,0.0,0.2,True,False,True,61.388888888888886,0.0,0.0,False,False,False,True,1,True,0.9938692437890264
NOR,5,2026-03-08 04:10:16.693,0 days 01:09:10.070000,3472.6969444444458,225.0,100.0,False,1.0,62.5,6.944444444444464,0.0,0.16,True,False,True,62.5,0.0,0.0,False,False,False,True,1,True,0.9937910192086377
NOR,5,2026-03-08 04:10:17.012,0 days 01:09:10.389000,3493.4319444444454,234.0,100.0,False,1.0,65.0,7.836990595611285,0.0,0.319,True,False,True,65.0,0.0,0.0,False,False,False,True,1,True,0.9936288205412015
NOR,5,2026-03-08 04:10:17.332,0 days 01:09:10.709000,3514.587500000001,238.0,100.0,False,1.0,66.11111111111111,3.472222222222232,0.0,0.32,True,False,True,66.11111111111111,0.0,0.0,False,False,False,True,1,True,0.993463332095579
NOR,5,2026-03-08 04:10:17.492,0 days 01:09:10.869000,3525.431944444446,244.0,100.0,False,1.0,67.77777777777777,10.416666666666607,0.0,0.16,True,False,True,67.77777777777777,0.0,0.0,False,False,False,True,1,True,0.9933785018839574
NOR,5,2026-03-08 04:10:17.812,0 days 01:09:11.189000,3547.654166666668,250.0,100.0,False,1.0,69.44444444444444,5.208333333333348,0.0,0.32,True,False,True,69.44444444444444,0.0,0.0,False,False,False,True,1,True,0.9932046694830934
NOR,5,2026-03-08 04:10:18.133,0 days 01:09:11.510000,3570.035000000001,251.0,100.0,False,1.0,69.72222222222221,0.8653513326410326,0.0,0.321,True,False,True,69.72222222222221,0.0,0.0,False,False,False,True,1,True,0.9930295963534682
NOR,5,2026-03-08 04:10:18.373,0 days 01:09:11.750000,3587.168333333335,257.0,100.0,False,1.0,71.38888888888889,6.944444444444464,0.0,0.24,True,False,True,71.38888888888889,0.0,0.0,False,False,False,True,1,True,0.992895571572402
NOR,5,2026-03-08 04:10:18.773,0 days 01:09:12.150000,3616.390555555557,263.0,100.0,False,1.0,73.05555555555556,4.1666666666666785,0.0,0.4,True,False,True,73.05555555555556,0.0,0.0,False,False,False,True,1,True,0.9926669819652659
NOR,5,2026-03-08 04:10:18.973,0 days 01:09:12.350000,3631.112777777779,265.0,100.0,False,1.0,73.61111111111111,2.7777777777777857,0.0,0.2,True,False,True,73.61111111111111,0.0,0.0,False,False,False,True,1,True,0.9925518179996935
NOR,5,2026-03-08 04:10:19.293,0 days 01:09:12.670000,3655.112777777779,270.0,100.0,False,1.0,75.0,4.340277777777768,0.0,0.32,True,False,True,75.0,0.0,0.0,False,False,False,True,1,True,0.9923640790067604
NOR,5,2026-03-08 04:10:19.653,0 days 01:09:13.030000,3682.212777777779,271.0,100.0,False,1.0,75.27777777777777,0.7716049382715874,0.0,0.36,True,False,True,75.27777777777777,0.0,0.0,False,False,False,True,1,True,0.9921520903939067
NOR,5,2026-03-08 04:10:19.933,0 days 01:09:13.310000,3703.52388888889,274.0,100.0,False,1.0,76.11111111111111,2.9761904761905096,0.0,0.28,True,False,True,76.11111111111111,0.0,0.0,False,False,False,True,1,True,0.9919853851214782
NOR,5,2026-03-08 04:10:20.133,0 days 01:09:13.510000,3718.7461111111124,274.0,100.0,False,1.0,76.11111111111111,0.0,-0.0,0.2,True,False,True,76.11111111111111,0.0,0.0,False,False,False,True,1,True,0.9918663099268863
NOR,5,2026-03-08 04:10:20.373,0 days 01:09:13.750000,3737.079444444446,275.0,100.0,False,1.0,76.38888888888889,1.1574074074073812,0.0,0.24,True,False,True,76.38888888888889,0.0,0.0,False,False,False,True,1,True,0.9917228981961735
NOR,5,2026-03-08 04:10:20.533,0 days 01:09:13.910000,3749.3905555555566,277.0,100.0,False,1.0,76.94444444444444,3.472222222222232,0.0,0.16,True,False,True,76.94444444444444,0.0,0.0,False,False,False,True,1,True,0.9916265950460948
NOR,5,2026-03-08 04:10:20.733,0 days 01:09:14.110000,3764.8350000000014,278.0,100.0,False,1.0,77.22222222222221,1.3888888888888573,0.0,0.2,True,False,True,77.22222222222221,0.0,0.0,False,False,False,True,1,True,0.9915057815274944
NOR,5,2026-03-08 04:10:21.053,0 days 01:09:14.430000,3789.5461111111126,278.0,100.0,False,1.0,77.22222222222221,0.0,-0.0,0.32,True,False,True,77.22222222222221,0.0,0.0,False,False,False,True,1,True,0.9913124798977336
NOR,5,2026-03-08 04:10:21.493,0 days 01:09:14.870000,3824.0127777777793,282.0,100.0,False,1.0,78.05555555555556,1.8939393939394156,0.0,0.44,True,False,True,78.05555555555556,0.0,0.0,False,False,False,True,1,True,0.9910438219221983
NOR,5,2026-03-08 04:10:21.773,0 days 01:09:15.150000,3845.868333333335,281.0,100.0,False,1.0,78.33333333333333,0.9920634920634694,0.0,0.28,True,False,True,78.33333333333333,0.0,0.0,False,False,False,True,1,True,0.9908722493425456
NOR,5,2026-03-08 04:10:21.933,0 days 01:09:15.310000,3858.4461111111127,283.0,100.0,False,1.0,78.61111111111111,1.7361111111111605,0.0,0.16,True,False,True,78.61111111111111,0.0,0.0,False,False,False,True,1,True,0.9907738602036565
NOR,5,2026-03-08 04:10:22.173,0 days 01:09:15.550000,3877.379444444446,284.0,99.0,False,0.99,78.61111111111111,0.0,-0.0,0.24,True,False,True,77.825,0.0,0.0,False,False,False,True,1,True,0.9906277523324064
NOR,5,2026-03-08 04:10:22.493,0 days 01:09:15.870000,3902.5350000000017,283.0,1.0,False,0.01,78.61111111111111,0.0,-0.0,0.32,True,False,True,0.7861111111111112,0.0,0.0,False,False,False,True,1,True,0.9906257845496286
NOR,5,2026-03-08 04:10:22.653,0 days 01:09:16.030000,3914.9794444444465,280.0,0.0,False,0.0,77.77777777777777,-5.2083333333333925,5.2083333333333925,0.16,True,False,True,0.0,0.0,405.09259259259716,False,False,False,True,1,True,0.9906257845496286
NOR,5,2026-03-08 04:10:23.053,0 days 01:09:16.430000,3945.535000000002,275.0,0.0,False,0.0,76.38888888888889,-3.4722222222222143,3.4722222222222143,0.4,True,False,True,0.0,0.0,265.2391975308636,False,False,False,True,1,True,0.9906257845496286
NOR,5,2026-03-08 04:10:23.373,0 days 01:09:16.750000,3969.1794444444467,266.0,0.0,False,0.0,73.88888888888889,-7.8125,7.8125,0.32,True,False,True,0.0,0.0,577.2569444444445,False,False,False,True,1,True,0.9906257845496286
NOR,5,2026-03-08 04:10:23.573,0 days 01:09:16.950000,3983.7905555555576,263.0,0.0,True,0.0,73.05555555555556,-4.166666666666643,4.166666666666643,0.2,True,False,True,0.0,304.39814814814645,0.0,True,False,False,True,1,True,0.9908504019143748
NOR,5,2026-03-08 04:10:23.852,0 days 01:09:17.229000,4001.4605555555577,228.0,0.0,True,0.0,63.33333333333333,-20.0,20.0,0.279,True,False,True,0.0,1266.6666666666665,0.0,True,False,False,True,1,True,0.992154282657149
NOR,5,2026-03-08 04:10:24.132,0 days 01:09:17.509000,4017.793888888891,210.0,0.0,True,0.0,58.33333333333333,-17.857142857142854,17.857142857142854,0.28,True,False,True,0.0,1041.6666666666665,0.0,True,False,False,True,1,True,0.99323039626772
NOR,5,2026-03-08 04:10:24.372,0 days 01:09:17.749000,4029.9272222222244,182.0,0.0,True,0.0,50.55555555555556,-20.0,20.0,0.24,True,False,True,0.0,1011.1111111111111,0.0,True,False,False,True,1,True,0.9941257227917152
NOR,5,2026-03-08 04:10:24.533,0 days 01:09:17.910000,4037.3511111111134,166.0,0.0,True,0.0,46.11111111111111,-20.0,20.0,0.161,True,False,True,0.0,922.2222222222222,0.0,True,False,False,True,1,True,0.9946735363604032
NOR,5,2026-03-08 04:10:24.733,0 days 01:09:18.110000,4045.5733333333355,148.0,0.0,True,0.0,41.11111111111111,-20.0,20.0,0.2,True,False,True,0.0,822.2222222222222,0.0,True,False,False,True,1,True,0.9952802594627442
NOR,5,2026-03-08 04:10:24.973,0 days 01:09:18.350000,4055.040000000002,142.0,0.0,True,0.0,39.44444444444444,-6.944444444444435,6.944444444444435,0.24,True,False,True,0.0,273.91975308641935,0.0,True,False,False,True,1,True,0.9955228120543332
NOR,5,2026-03-08 04:10:25.133,0 days 01:09:18.510000,4060.8177777777796,130.0,0.0,True,0.0,36.11111111111111,-20.0,20.0,0.16,True,False,True,0.0,722.2222222222222,0.0,True,False,False,True,1,True,0.9959491580181404
NOR,5,2026-03-08 04:10:25.293,0 days 01:09:18.670000,4066.3733333333353,125.0,0.0,True,0.0,34.72222222222222,-8.680555555555536,8.680555555555536,0.16,True,False,True,0.0,301.408179012345,0.0,True,False,False,True,1,True,0.9961270868558671
NOR,5,2026-03-08 04:10:25.493,0 days 01:09:18.870000,4073.3177777777796,125.0,0.0,True,0.0,34.72222222222222,0.0,-0.0,0.2,True,False,True,0.0,0.0,0.0,False,False,False,True,1,True,0.9961270868558671
NOR,5,2026-03-08 04:10:25.773,0 days 01:09:19.150000,4082.4955555555575,118.0,0.0,False,0.0,32.77777777777778,-6.944444444444438,6.944444444444438,0.28,True,False,True,0.0,0.0,227.62345679012327,False,False,False,True,1,True,0.9961270868558671
NOR,5,2026-03-08 04:10:25.973,0 days 01:09:19.350000,4088.940000000002,116.0,0.0,False,0.0,32.22222222222222,-2.7777777777777857,2.7777777777777857,0.2,True,False,True,0.0,0.0,89.50617283950642,False,False,False,True,1,True,0.9961270868558671
NOR,5,2026-03-08 04:10:26.213,0 days 01:09:19.590000,4096.473333333335,113.0,0.0,False,0.0,31.38888888888889,-3.4722222222222174,3.4722222222222174,0.24,True,False,True,0.0,0.0,108.98919753086405,False,False,False,True,1,True,0.9961270868558671
NOR,5,2026-03-08 04:10:26.373,0 days 01:09:19.750000,4101.495555555557,113.0,0.0,False,0.0,31.38888888888889,0.0,-0.0,0.16,True,False,True,0.0,0.0,0.0,False,False,False,True,1,True,0.9961270868558671
NOR,5,2026-03-08 04:10:26.693,0 days 01:09:20.070000,4111.095555555557,108.0,11.0,False,0.11,31.11111111111111,-0.868055555555558,0.868055555555558,0.32,True,False,True,3.422222222222222,0.0,27.00617283950625,False,False,False,True,1,True,0.9961185203951526
NOR,5,2026-03-08 04:10:27.013,0 days 01:09:20.390000,4121.051111111113,112.0,40.0,False,0.4,31.11111111111111,0.0,-0.0,0.32,True,False,True,12.444444444444445,0.0,0.0,False,False,False,True,1,True,0.9960873696289178
NOR,5,2026-03-08 04:10:27.173,0 days 01:09:20.550000,4126.251111111113,117.0,53.0,False,0.53,32.5,8.680555555555557,0.0,0.16,True,False,True,17.225,0.0,0.0,False,False,False,True,1,True,0.9960658109345626
NOR,5,2026-03-08 04:10:27.333,0 days 01:09:20.710000,4131.584444444446,120.0,61.0,False,0.61,33.333333333333336,5.208333333333348,0.0,0.16,True,False,True,20.333333333333336,0.0,0.0,False,False,False,True,1,True,0.9960403618710761
NOR,5,2026-03-08 04:10:27.613,0 days 01:09:20.990000,4142.084444444446,135.0,78.0,False,0.78,37.5,14.88095238095237,0.0,0.28,True,False,True,29.25,0.0,0.0,False,False,False,True,1,True,0.9959762959397377
NOR,5,2026-03-08 04:10:27.893,0 days 01:09:21.270000,4153.517777777779,147.0,100.0,False,1.0,40.833333333333336,11.904761904761912,0.0,0.28,True,False,True,40.833333333333336,0.0,0.0,False,False,False,True,1,True,0.9958868591694932
NOR,5,2026-03-08 04:10:28.093,0 days 01:09:21.470000,4162.128888888889,155.0,100.0,False,1.0,43.05555555555556,11.111111111111107,0.0,0.2,True,False,True,43.05555555555556,0.0,0.0,False,False,False,True,1,True,0.9958194991141583
NOR,5,2026-03-08 04:10:28.413,0 days 01:09:21.790000,4175.906666666668,155.0,100.0,False,1.0,43.05555555555556,0.0,-0.0,0.32,True,False,True,43.05555555555556,0.0,0.0,False,False,False,True,1,True,0.9957117230256227
NOR,5,2026-03-08 04:10:28.573,0 days 01:09:21.950000,4183.417777777779,169.0,100.0,False,1.0,46.94444444444444,15.0,0.0,0.16,True,False,True,46.94444444444444,0.0,0.0,False,False,False,True,1,True,0.9956529676741307
NOR,5,2026-03-08 04:10:28.773,0 days 01:09:22.150000,4193.02888888889,173.0,100.0,False,1.0,48.05555555555556,5.555555555555571,0.0,0.2,True,False,True,48.05555555555556,0.0,0.0,False,False,False,True,1,True,0.995577785160757
NOR,5,2026-03-08 04:10:28.973,0 days 01:09:22.350000,4203.140000000001,182.0,100.0,False,1.0,50.55555555555556,12.5,0.0,0.2,True,False,True,50.55555555555556,0.0,0.0,False,False,False,True,1,True,0.9954986914183639
NOR,5,2026-03-08 04:10:29.173,0 days 01:09:22.550000,4213.52888888889,187.0,100.0,False,1.0,51.94444444444444,6.944444444444429,0.0,0.2,True,False,True,51.94444444444444,0.0,0.0,False,False,False,True,1,True,0.99541742477096
NOR,5,2026-03-08 04:10:29.413,0 days 01:09:22.790000,4226.462222222223,194.0,100.0,False,1.0,53.888888888888886,8.101851851851846,0.0,0.24,True,False,True,53.888888888888886,0.0,0.0,False,False,False,True,1,True,0.9953162543136571
NOR,5,2026-03-08 04:10:29.733,0 days 01:09:23.110000,4244.328888888889,201.0,100.0,False,1.0,55.83333333333333,6.076388888888884,0.0,0.32,True,False,True,55.83333333333333,0.0,0.0,False,False,False,True,1,True,0.9951764930633624
NOR,5,2026-03-08 04:10:29.893,0 days 01:09:23.270000,4253.4400000000005,205.0,100.0,False,1.0,56.94444444444444,6.944444444444464,0.0,0.16,True,False,True,56.94444444444444,0.0,0.0,False,False,False,True,1,True,0.9951052217790082
NOR,5,2026-03-08 04:10:30.133,0 days 01:09:23.510000,4267.306666666667,208.0,100.0,False,1.0,57.77777777777778,3.472222222222232,0.0,0.24,True,False,True,57.77777777777778,0.0,0.0,False,False,False,True,1,True,0.9949967503608691
NOR,5,2026-03-08 04:10:30.452,0 days 01:09:23.829000,4286.180833333334,213.0,68.0,False,0.68,58.61111111111111,2.61233019853708,0.0,0.319,True,False,True,39.855555555555554,0.0,0.0,False,False,False,True,1,True,0.9948972962377762
NOR,5,2026-03-08 04:10:30.652,0 days 01:09:24.029000,4297.903055555556,211.0,0.0,False,0.0,58.61111111111111,0.0,-0.0,0.2,True,False,True,0.0,0.0,0.0,False,False,False,True,1,True,0.9948972962377762
NOR,5,2026-03-08 04:10:30.812,0 days 01:09:24.189000,4307.191944444445,209.0,0.0,False,0.0,58.05555555555556,-3.4722222222221877,3.4722222222221877,0.16,True,False,True,0.0,0.0,201.5817901234548,False,False,False,True,1,True,0.9948972962377762
NOR,5,2026-03-08 04:10:31.173,0 days 01:09:24.550000,4327.548333333334,203.0,0.0,False,0.0,56.388888888888886,-4.616805170821805,4.616805170821805,0.361,True,False,True,0.0,0.0,260.33651379911845,False,False,False,True,1,True,0.9948972962377762
NOR,5,2026-03-08 04:10:31.413,0 days 01:09:24.790000,4340.748333333334,198.0,0.0,False,0.0,55.0,-5.787037037037024,5.787037037037024,0.24,True,False,True,0.0,0.0,318.2870370370363,False,False,False,True,1,True,0.9948972962377762
NOR,5,2026-03-08 04:10:31.693,0 days 01:09:25.070000,4355.526111111112,190.0,0.0,False,0.0,52.77777777777778,-7.936507936507933,7.936507936507933,0.28,True,False,True,0.0,0.0,418.87125220458535,False,False,False,True,1,True,0.9948972962377762
NOR,5,2026-03-08 04:10:31.973,0 days 01:09:25.350000,4370.070555555557,187.0,0.0,False,0.0,51.94444444444444,-2.9761904761904843,2.9761904761904843,0.28,True,False,True,0.0,0.0,154.59656084656126,False,False,False,True,1,True,0.9948972962377762
NOR,5,2026-03-08 04:10:32.173,0 days 01:09:25.550000,4380.40388888889,186.0,17.0,False,0.17,51.666666666666664,-1.3888888888888928,1.3888888888888928,0.2,True,False,True,8.783333333333333,0.0,71.75925925925947,False,False,False,True,1,True,0.9948835547864879
NOR,5,2026-03-08 04:10:32.413,0 days 01:09:25.790000,4392.737222222223,185.0,59.0,False,0.59,51.666666666666664,0.0,-0.0,0.24,True,False,True,30.48333333333333,0.0,0.0,False,False,False,True,1,True,0.9948263256834755
NOR,5,2026-03-08 04:10:33.333,0 days 01:09:26.710000,4442.570555555556,195.0,100.0,False,1.0,54.166666666666664,2.717391304347826,0.0,0.92,True,False,True,54.166666666666664,0.0,0.0,False,False,False,True,1,True,0.9944365065245381
NOR,5,2026-03-08 04:10:33.653,0 days 01:09:27.030000,4460.615,203.0,100.0,False,1.0,56.388888888888886,6.944444444444442,0.0,0.32,True,False,True,56.388888888888886,0.0,0.0,False,False,False,True,1,True,0.9942953546150365
NOR,5,2026-03-08 04:10:33.853,0 days 01:09:27.230000,4472.115,207.0,100.0,False,1.0,57.5,5.555555555555571,0.0,0.2,True,False,True,57.5,0.0,0.0,False,False,False,True,1,True,0.9942053963475894
NOR,5,2026-03-08 04:10:34.133,0 days 01:09:27.510000,4488.370555555555,209.0,27.0,False,0.27,57.5,0.0,-0.0,0.28,True,False,True,15.525,0.0,0.0,False,False,False,True,1,True,0.9941713921224944
NOR,5,2026-03-08 04:10:34.453,0 days 01:09:27.830000,4506.681666666666,206.0,0.0,False,0.0,57.22222222222222,-0.868055555555558,0.868055555555558,0.32,True,False,True,0.0,0.0,49.67206790123471,False,False,False,True,1,True,0.9941713921224944
NOR,5,2026-03-08 04:10:34.693,0 days 01:09:28.070000,4519.615,194.0,0.0,True,0.0,53.888888888888886,-13.8888888888889,13.8888888888889,0.24,True,False,True,0.0,748.4567901234574,0.0,True,False,False,True,1,True,0.9948341414572588
NOR,5,2026-03-08 04:10:34.933,0 days 01:09:28.310000,4531.148333333333,173.0,0.0,True,0.0,48.05555555555556,-20.0,20.0,0.24,True,False,True,0.0,961.1111111111111,0.0,True,False,False,True,1,True,0.9956851935927047
NOR,5,2026-03-08 04:10:35.213,0 days 01:09:28.590000,4543.359444444443,157.0,0.0,True,0.0,43.61111111111111,-15.873015873015891,15.873015873015891,0.28,True,False,True,0.0,692.2398589065263,0.0,True,False,False,True,1,True,0.9964003251772958
NOR,5,2026-03-08 04:10:35.373,0 days 01:09:28.750000,4550.337222222221,157.0,0.0,True,0.0,43.61111111111111,0.0,-0.0,0.16,True,False,True,0.0,0.0,0.0,False,False,False,True,1,True,0.9964003251772958
NOR,5,2026-03-08 04:10:35.573,0 days 01:09:28.950000,4557.892777777776,136.0,0.0,True,0.0,37.77777777777778,-20.0,20.0,0.2,True,False,True,0.0,755.5555555555555,0.0,True,False,False,True,1,True,0.9969578545145822
NOR,5,2026-03-08 04:10:36.053,0 days 01:09:29.430000,4572.42611111111,109.0,0.0,True,0.0,30.27777777777778,-15.625,15.625,0.48,True,False,True,0.0,473.09027777777777,0.0,True,False,False,True,1,True,0.9977956858256697
NOR,5,2026-03-08 04:10:36.453,0 days 01:09:29.830000,4583.648333333332,101.0,0.0,True,0.0,28.055555555555554,-5.5555555555555625,5.5555555555555625,0.4,True,False,True,0.0,155.86419753086437,0.0,True,False,False,True,1,True,0.9980257122270828
NOR,5,2026-03-08 04:10:36.653,0 days 01:09:30.030000,4588.92611111111,95.0,0.0,True,0.0,26.38888888888889,-8.333333333333321,8.333333333333321,0.2,True,False,True,0.0,219.9074074074071,0.0,True,False,False,True,1,True,0.9981879833270896
NOR,5,2026-03-08 04:10:36.893,0 days 01:09:30.270000,4594.92611111111,90.0,0.0,True,0.0,25.0,-5.787037037037039,5.787037037037039,0.24,True,False,True,0.0,144.67592592592598,0.0,True,False,False,True,1,True,0.9983160920902528
NOR,5,2026-03-08 04:10:37.053,0 days 01:09:30.430000,4598.92611111111,90.0,0.0,False,0.0,25.0,0.0,-0.0,0.16,True,False,True,0.0,0.0,0.0,False,False,False,True,1,True,0.9983160920902528
NOR,5,2026-03-08 04:10:37.252,0 days 01:09:30.629000,4603.735277777777,87.0,0.0,False,0.0,24.166666666666664,-4.187604690117265,4.187604690117265,0.199,True,False,True,0.0,0.0,101.2004466778339,False,False,False,True,1,True,0.9983160920902528
NOR,5,2026-03-08 04:10:37.613,0 days 01:09:30.990000,4612.15861111111,84.0,13.0,False,0.13,23.333333333333332,-2.3084025854108923,2.3084025854108923,0.361,True,False,True,3.033333333333333,0.0,53.86272699292082,False,False,False,True,1,True,0.9983075262379517
NOR,5,2026-03-08 04:10:37.773,0 days 01:09:31.150000,4615.891944444444,84.0,13.0,False,0.13,23.333333333333332,0.0,-0.0,0.16,True,False,True,3.033333333333333,0.0,0.0,False,False,False,True,1,True,0.9983037297383168
NOR,5,2026-03-08 04:10:38.053,0 days 01:09:31.430000,4622.7363888888885,88.0,31.0,False,0.31,24.444444444444443,3.9682539682539666,0.0,0.28,True,False,True,7.5777777777777775,0.0,0.0,False,False,False,True,1,True,0.9982871322206823
NOR,5,2026-03-08 04:10:38.293,0 days 01:09:31.670000,4629.069722222222,95.0,39.0,False,0.39,26.38888888888889,8.10185185185186,0.0,0.24,True,False,True,10.291666666666668,0.0,0.0,False,False,False,True,1,True,0.9982678107493262
NOR,5,2026-03-08 04:10:38.453,0 days 01:09:31.830000,4633.380833333333,97.0,42.0,False,0.42,26.944444444444443,3.47222222222221,0.0,0.16,True,False,True,11.316666666666666,0.0,0.0,False,False,False,True,1,True,0.9982536468853038
NOR,5,2026-03-08 04:10:38.613,0 days 01:09:31.990000,4637.825277777777,100.0,53.0,False,0.53,27.77777777777778,5.208333333333348,0.0,0.16,True,False,True,14.722222222222223,0.0,0.0,False,False,False,True,1,True,0.9982352206508123
NOR,5,2026-03-08 04:10:38.933,0 days 01:09:32.310000,4647.691944444444,111.0,64.0,False,0.64,30.833333333333332,9.548611111111105,0.0,0.32,True,False,True,19.733333333333334,0.0,0.0,False,False,False,True,1,True,0.9981858244357827
NOR,5,2026-03-08 04:10:39.133,0 days 01:09:32.510000,4654.636388888888,125.0,70.0,False,0.7,34.72222222222222,15.0,0.0,0.2,True,False,True,24.305555555555554,0.0,0.0,False,False,False,True,1,True,0.9981477985980938
NOR,5,2026-03-08 04:10:39.373,0 days 01:09:32.750000,4663.503055555555,133.0,76.0,False,0.76,36.94444444444444,9.259259259259256,0.0,0.24,True,False,True,28.077777777777776,0.0,0.0,False,False,False,True,1,True,0.9980950856608558
NOR,5,2026-03-08 04:10:39.773,0 days 01:09:33.150000,4679.503055555555,144.0,57.0,False,0.57,40.0,7.638888888888893,0.0,0.4,True,False,True,22.799999999999997,0.0,0.0,False,False,False,True,1,True,0.9980237448435413
NOR,5,2026-03-08 04:10:39.933,0 days 01:09:33.310000,4686.0808333333325,148.0,32.0,False,0.32,41.11111111111111,6.94444444444442,0.0,0.16,True,False,True,13.155555555555555,0.0,0.0,False,False,False,True,1,True,0.9980072794385314
NOR,5,2026-03-08 04:10:40.093,0 days 01:09:33.470000,4692.703055555555,149.0,18.0,False,0.18,41.11111111111111,0.0,-0.0,0.16,True,False,True,7.399999999999999,0.0,0.0,False,False,False,True,1,True,0.9979980176482134
NOR,5,2026-03-08 04:10:40.253,0 days 01:09:33.630000,4699.2363888888885,147.0,0.0,False,0.0,40.833333333333336,-1.7361111111110716,1.7361111111110716,0.16,True,False,True,0.0,0.0,70.89120370370209,False,False,False,True,1,True,0.9979980176482134
NOR,5,2026-03-08 04:10:40.533,0 days 01:09:33.910000,4710.669722222222,147.0,2.0,False,0.02,40.833333333333336,0.0,-0.0,0.28,True,False,True,0.8166666666666668,0.0,0.0,False,False,False,True,1,True,0.9979962289128085
NOR,5,2026-03-08 04:10:40.693,0 days 01:09:34.070000,4717.069722222222,144.0,23.0,False,0.23,40.27777777777778,-3.472222222222232,3.472222222222232,0.16,True,False,True,9.26388888888889,0.0,139.8533950617288,False,False,False,True,1,True,0.9979846342916708
NOR,5,2026-03-08 04:10:41.173,0 days 01:09:34.550000,4736.4030555555555,145.0,42.0,False,0.42,40.27777777777778,0.0,-0.0,0.48,True,False,True,16.916666666666668,0.0,0.0,False,False,False,True,1,True,0.9979211159323952
NOR,5,2026-03-08 04:10:41.333,0 days 01:09:34.710000,4742.980833333333,148.0,45.0,False,0.45,40.27777777777778,0.0,-0.0,0.16,True,False,True,18.125,0.0,0.0,False,False,False,True,1,True,0.9978984308040825
NOR,5,2026-03-08 04:10:41.573,0 days 01:09:34.950000,4752.5808333333325,144.0,55.0,False,0.55,40.0,-1.1574074074074108,1.1574074074074108,0.24,True,False,True,22.0,0.0,46.29629629629643,False,False,False,True,1,True,0.9978571282256372
NOR,5,2026-03-08 04:10:41.773,0 days 01:09:35.150000,4760.525277777777,143.0,65.0,False,0.65,40.0,0.0,-0.0,0.2,True,False,True,26.0,0.0,0.0,False,False,False,True,1,True,0.997816451443835
NOR,5,2026-03-08 04:10:42.013,0 days 01:09:35.390000,4771.2586111111095,161.0,89.0,False,0.89,44.72222222222222,15.0,0.0,0.24,True,False,True,39.80277777777778,0.0,0.0,False,False,False,True,1,True,0.9977417261096756
NOR,5,2026-03-08 04:10:42.213,0 days 01:09:35.590000,4780.814166666665,172.0,100.0,False,1.0,47.77777777777778,15.0,0.0,0.2,True,False,True,47.77777777777778,0.0,0.0,False,False,False,True,1,True,0.9976669781773041
NOR,5,2026-03-08 04:10:42.373,0 days 01:09:35.750000,4788.458611111109,172.0,100.0,False,1.0,47.77777777777778,0.0,-0.0,0.16,True,False,True,47.77777777777778,0.0,0.0,False,False,False,True,1,True,0.9976071798314069
NOR,5,2026-03-08 04:10:42.613,0 days 01:09:35.990000,4800.525277777777,181.0,100.0,False,1.0,50.27777777777778,10.416666666666668,0.0,0.24,True,False,True,50.27777777777778,0.0,0.0,False,False,False,True,1,True,0.9975127888377378
NOR,5,2026-03-08 04:10:43.013,0 days 01:09:36.390000,4822.191944444443,195.0,100.0,False,1.0,54.166666666666664,9.722222222222214,0.0,0.4,True,False,True,54.166666666666664,0.0,0.0,False,False,False,True,1,True,0.9973433022468954
NOR,5,2026-03-08 04:10:43.373,0 days 01:09:36.750000,4842.591944444443,204.0,100.0,False,1.0,56.666666666666664,6.944444444444445,0.0,0.36,True,False,True,56.666666666666664,0.0,0.0,False,False,False,True,1,True,0.9971837241029022
NOR,5,2026-03-08 04:10:43.533,0 days 01:09:36.910000,4851.747499999999,206.0,100.0,False,1.0,57.22222222222222,3.472222222222232,0.0,0.16,True,False,True,57.22222222222222,0.0,0.0,False,False,False,True,1,True,0.9971121051537463
NOR,5,2026-03-08 04:10:43.693,0 days 01:09:37.070000,4860.903055555554,206.0,100.0,False,1.0,57.22222222222222,0.0,-0.0,0.16,True,False,True,57.22222222222222,0.0,0.0,False,False,False,True,1,True,0.9970404862045903
NOR,5,2026-03-08 04:10:44.012,0 days 01:09:37.389000,4880.574722222221,222.0,100.0,False,1.0,61.666666666666664,13.932427725531168,0.0,0.319,True,False,True,61.666666666666664,0.0,0.0,False,False,False,True,1,True,0.9968866054175355
NOR,5,2026-03-08 04:10:44.173,0 days 01:09:37.550000,4890.503055555554,222.0,100.0,False,1.0,61.666666666666664,0.0,-0.0,0.161,True,False,True,61.666666666666664,0.0,0.0,False,False,False,True,1,True,0.9968089414466395
NOR,5,2026-03-08 04:10:44.413,0 days 01:09:37.790000,4905.903055555554,231.0,100.0,False,1.0,64.16666666666667,10.416666666666696,0.0,0.24,True,False,True,64.16666666666667,0.0,0.0,False,False,False,True,1,True,0.9966884755928407
NOR,5,2026-03-08 04:10:44.693,0 days 01:09:38.070000,4924.336388888887,237.0,100.0,False,1.0,65.83333333333333,5.952380952380918,0.0,0.28,True,False,True,65.83333333333333,0.0,0.0,False,False,False,True,1,True,0.996544281616324
NOR,5,2026-03-08 04:10:45.053,0 days 01:09:38.430000,4948.636388888887,243.0,100.0,False,1.0,67.5,4.629629629629643,0.0,0.36,True,False,True,67.5,0.0,0.0,False,False,False,True,1,True,0.9963541958859793
NOR,5,2026-03-08 04:10:45.293,0 days 01:09:38.670000,4965.303055555553,250.0,100.0,False,1.0,69.44444444444444,8.101851851851846,0.0,0.24,True,False,True,69.44444444444444,0.0,0.0,False,False,False,True,1,True,0.9962238215853313
NOR,5,2026-03-08 04:10:45.533,0 days 01:09:38.910000,4982.169722222221,253.0,100.0,False,1.0,70.27777777777777,3.472222222222203,0.0,0.24,True,False,True,70.27777777777777,0.0,0.0,False,False,False,True,1,True,0.9960918827930755
NOR,5,2026-03-08 04:10:45.813,0 days 01:09:39.190000,5002.236388888887,258.0,100.0,False,1.0,71.66666666666667,4.9603174603174995,0.0,0.28,True,False,True,71.66666666666667,0.0,0.0,False,False,False,True,1,True,0.9959349121350953
NOR,5,2026-03-08 04:10:46.093,0 days 01:09:39.470000,5022.6141666666645,262.0,100.0,False,1.0,72.77777777777777,3.9682539682539284,0.0,0.28,True,False,True,72.77777777777777,0.0,0.0,False,False,False,True,1,True,0.9957755078235031
NOR,5,2026-03-08 04:10:46.493,0 days 01:09:39.870000,5052.16972222222,266.0,100.0,False,1.0,73.88888888888889,2.7777777777777857,0.0,0.4,True,False,True,73.88888888888889,0.0,0.0,False,False,False,True,1,True,0.995544310730354
NOR,5,2026-03-08 04:10:46.693,0 days 01:09:40.070000,5067.003055555554,267.0,100.0,False,1.0,74.16666666666667,1.3888888888889284,0.0,0.2,True,False,True,74.16666666666667,0.0,0.0,False,False,False,True,1,True,0.9954282776027773
NOR,5,2026-03-08 04:10:46.973,0 days 01:09:40.350000,5088.080833333332,271.0,100.0,False,1.0,75.27777777777777,3.9682539682539284,0.0,0.28,True,False,True,75.27777777777777,0.0,0.0,False,False,False,True,1,True,0.9952633975705578
NOR,5,2026-03-08 04:10:47.213,0 days 01:09:40.590000,5106.280833333331,273.0,100.0,False,1.0,75.27777777777777,0.0,-0.0,0.24,True,False,True,75.27777777777777,0.0,0.0,False,False,False,True,1,True,0.9951220718286554
NOR,5,2026-03-08 04:10:47.373,0 days 01:09:40.750000,5118.325277777775,271.0,100.0,False,1.0,75.83333333333333,3.472222222222232,0.0,0.16,True,False,True,75.83333333333333,0.0,0.0,False,False,False,True,1,True,0.9950271593377837
NOR,5,2026-03-08 04:10:47.693,0 days 01:09:41.070000,5142.947499999998,277.0,100.0,False,1.0,76.94444444444444,3.472222222222232,0.0,0.32,True,False,True,76.94444444444444,0.0,0.0,False,False,False,True,1,True,0.9948345530376265
NOR,5,2026-03-08 04:10:48.013,0 days 01:09:41.390000,5167.747499999998,279.0,100.0,False,1.0,77.5,1.736111111111116,0.0,0.32,True,False,True,77.5,0.0,0.0,False,False,False,True,1,True,0.9946405560782623
NOR,5,2026-03-08 04:10:48.453,0 days 01:09:41.830000,5202.091944444442,281.0,100.0,False,1.0,78.05555555555556,1.2626262626262663,0.0,0.44,True,False,True,78.05555555555556,0.0,0.0,False,False,False,True,1,True,0.994371898102727
NOR,5,2026-03-08 04:10:48.653,0 days 01:09:42.030000,5217.758611111109,282.0,100.0,False,1.0,78.33333333333333,1.3888888888888573,0.0,0.2,True,False,True,78.33333333333333,0.0,0.0,False,False,False,True,1,True,0.9942493462601178
NOR,5,2026-03-08 04:10:49.013,0 days 01:09:42.390000,5246.158611111108,284.0,100.0,False,1.0,78.61111111111111,0.7716049382716269,0.0,0.36,True,False,True,78.61111111111111,0.0,0.0,False,False,False,True,1,True,0.9940279706976176
